listing_id,current_title,kind,what_the_owners_own_description_says,proposed_title,needs_owner_input
168284607627,Creamsicle - Live Houseplant - 4-inch Pot,cultivar/nickname only,"Creamsicle (desc: ""Aloe Creamsicle"")",Aloe Creamsicle 4 inch Pot Live Succulent | Compact Cream Orange Peach Leaves,
168284607629,Crimson Princess - Live Houseplant - 6-inch Pot,cultivar/nickname only,Crimson Princess (desc: Hoya carnosa),,yes
168284607636,Curly Sue - Live Houseplant - 4-inch Pot,cultivar/nickname only,Curly Sue (desc: Juncus effusus),Juncus Effusus Curly Sue 4 inch Pot Live Rush Plant | Spiral Curled Stems,
168284607642,Florida Beauty - Live Houseplant - Standard Pot,cultivar/nickname only,Florida Beauty (desc: a variegated Hoya),Hoya Florida Beauty Variegated Live Plant | Easy Care Wax Plant,
168284607643,Flapjack - Live Houseplant - 4-inch Pot,cultivar/nickname only,"Flapjack (desc: a succulent, no genus)",Flapjack Succulent 4 inch Pot Live Plant | Paddle Leaves Turn Vibrant Colors,
168284607650,Florida Ghost - Live Houseplant - 6-inch Pot,cultivar/nickname only,Florida Ghost (desc: no genus given),Florida Ghost 6 inch Pot Live Houseplant | Striking White Variegation Easy Care,
168284607651,Emerald Star - Live Houseplant - 4-inch Pot,cultivar/nickname only,Emerald Star (desc: a Hoya cultivar),Hoya Emerald Star 4 inch Pot Live Plant | Glossy Star Shaped Green Leaves,
168284607654,Freddy - Live Houseplant - 6-inch Pot,cultivar/nickname only,Freddy (desc: a Hoya variety),Hoya Freddy 6 inch Pot Live Plant | Waxy Leaves Aromatic Flowers Wax Plant,
168284607657,Grey Star - Live Houseplant - 4-inch Pot,cultivar/nickname only,Grey Star (desc: Hoya pubicalyx),Hoya Pubicalyx Grey Star 4 inch Pot Live Plant | Striking Star Shaped Leaves,
168284607680,Krinkle Wax - Live Houseplant - 4-inch Pot,cultivar/nickname only,Krinkle Wax (desc: Hoya carnosa),Hoya Carnosa Krinkle Wax 4 inch Pot Live Plant | Textured Leaves Star Flowers,
168284607683,Lime Dragon - Live Houseplant - 4-inch Pot,cultivar/nickname only,"Lime Dragon (desc: Hoya ""kerri""; sister listing says Dracaena)",,yes
168284607692,Marble Queen - Live Houseplant - Standard Pot,cultivar/nickname only,"Marble Queen (desc: pothos, E. aureum)",,yes
168284607698,Moonshine - Live Houseplant - Standard Pot,cultivar/nickname only,Moonshine (desc: Hoya carnosa),Hoya Carnosa Moonshine Live Plant | Silver Foliage Trailing Wax Plant,
168284607699,Neon Cordatum - Live Houseplant - 4-inch Pot,cultivar/nickname only,"Neon Cordatum (desc: ""Hoya carnosa subsp. carnosa"")",,yes
168284607717,Pink Polka - Live Houseplant - 2-inch Pot,cultivar/nickname only,Pink Polka (desc: Hoya multiflora),,yes
168284607719,Prince Of Orange - Live Houseplant - 6-inch Pot,cultivar/nickname only,Prince Of Orange (desc: Philodendron),Philodendron Prince of Orange 6 inch Pot Live Plant | Orange Leaves Mature Green,
168284607725,Purple Star - Live Houseplant - 6-inch Pot,cultivar/nickname only,Purple Star (desc: Hoya pubicalyx),Hoya Pubicalyx Purple Star 6 inch Pot Live Vining Plant | Star Shaped Flowers,
168284607737,Shooting Star - Live Houseplant - 4-inch Pot,cultivar/nickname only,Shooting Star 4-inch (desc: Dodecatheon meadia),Dodecatheon Meadia Shooting Star 4 inch Pot Live Perennial Plant | Shade,
168284607750,Shooting Star - Live Houseplant - 6-inch Pot,cultivar/nickname only,Shooting Star 6-inch (desc: Dodecatheon meadia),,yes
168284607751,Silver Moon - Live Houseplant - 4-inch Pot,cultivar/nickname only,Silver Moon (desc: Hoya finlayoniana),Hoya Silver Moon 4 inch Pot Live Plant | Variegated Leaves Easy Care Wax Plant,
168284607756,Siltepecana El Salvador - Live Houseplant - 4-inch Pot,cultivar/nickname only,Siltepecana El Salvador (species only; desc says Hoya),,yes
168284607769,White Polka - Live Houseplant - 2-inch Pot,cultivar/nickname only,White Polka (desc: Aglaonema 'White Polka'),,yes
168284607771,Tropical Snow - Live Houseplant - 4-inch Pot,cultivar/nickname only,Tropical Snow (desc: Aglaonema 'Tropical Snow'),,yes
168578976258,Creamsicle Plant 4 in Live Houseplant | Rare Tropical Indoor Plant,cultivar/nickname only,"Creamsicle Plant (new template, no botanical info anywhere)",,yes
168578976273,Curly Sue 4 in Live Houseplant | Unique Curly Leaf Plant,cultivar/nickname only,"Curly Sue (new template, no botanical info anywhere)",,yes
168284607641,Bromeliad - Live Houseplant - 4-inch Pot,genus or group word only,Bromeliad (desc: Guzmania lingua),,yes
168284607690,Hoya - Live Houseplant - 4-inch Pot,genus or group word only,Hoya (desc: Hoya sigillatis),Hoya Sigillatis 4 inch Pot Live Plant | Vining Wax Plant Waxy Leaves,
168284607740,Sansevieria - Live Houseplant - 6-inch Pot,genus or group word only,Sansevieria (desc: S. zeylanica),,yes
168284607744,Schefflera - Live Houseplant - 4-inch Pot,genus or group word only,Schefflera (desc: S. actinophylla),,yes
