model_set,term,ols_coef_place,ols_se,ols_p,logit_coef_top10,logit_OR,logit_p
all in-N cards,logfb,-0.014625072227352405,0.012797025663990701,0.2531011526316125,-0.13820841707292938,0.8709171588241692,0.2305002794422104
all in-N cards,pos_f,0.00665884826285132,0.0036018897762469374,0.06449975451881776,0.07219988696590926,1.0748701751301863,0.4047587554007398
all in-N cards,no_recent_fb,-0.18794728868800764,0.03186683596988316,3.6816559293173197e-09,-23.283072440896778,7.731969232048982e-11,0.0
all in-N cards,free_ship_i,-0.004845951526789954,0.04023932564268079,0.9041439148021806,0.3944453173257872,1.483561057038491,0.21840503593394667
all in-N cards,lrt,-0.04569821290630822,0.014146258604965978,0.0012361288704036291,-0.5498562221300585,0.5770327689589473,0.027217345745215057
all in-N cards,sold_flag_i,0.04990670427662041,0.04698287999735338,0.2881305142147871,1.4409431383478135,4.224678394841751,0.002958827850995341
all in-N cards,watch_flag_i,0.09670069899614704,0.022187512898838455,1.3105337994317493e-05,0.8714354331567676,2.390339564759841,0.00043060380830658936
all in-N cards,bo_i,-0.06857199351892683,0.024233196008564786,0.004659576281790429,-0.18952781305158828,0.827349705457409,0.4657048962117638
all in-N cards,auction_i,0.0214395665433395,0.058203741850908625,0.7126094792384547,0.9700284932402953,2.6380196240103557,0.3619841350305736
all in-N cards,free_returns_i,0.023480989782518134,0.04302872815218834,0.5852687713900964,-0.7046079826813858,0.49430231134619207,0.12464639585356914
all in-N cards,vol_i,0.04285270095384952,0.04254872452625121,0.313865485266807,0.5692639909087517,1.7669660696340705,0.06182468290814333
all in-N cards,allwords_i,0.26352781519570334,0.023419695578451163,2.253711758006418e-29,2.966295381586698,19.41984306224487,1.7435053707499324e-13
all in-N cards,exact_i,-0.009756763252481288,0.02446726308715478,0.6900641070288154,-0.06155826155140195,0.9402981609138844,0.8118263737987648
all in-N cards,title_len10,0.010922606261030289,0.0063860361021727576,0.08719395339598034,0.05238978579213339,1.0537864134432218,0.35043047006693073
all in-N cards,intl_i,-0.08298116737439616,0.05181223925962571,0.10924970700152375,-1.2726578178739196,0.2800862134929842,0.035485174698819476
all in-N cards,price_range_i,-0.02932801975669623,0.07477035897666817,0.6948799612686585,-0.6776536600175939,0.5078070837040031,0.19690524516548147
all in-N cards,coupon_i,0.0032988916618143377,0.09028622034626897,0.9708532579403959,1.3681395182608314,3.928035854038741,0.004624769041498882
all in-N cards,scarcity_i,0.09449087480134091,0.0414423691192866,0.022604435436011962,0.0860697206724653,1.0898823129840156,0.8689091802647106
all in-N cards,just_listed_i,0.3056696775421289,0.06545655665738381,3.0147855882931506e-06,3.331747511130147,27.987206950166836,4.499269273624255e-06
all in-N cards,new_low_price_i,0.05805798177786342,0.10726208033257706,0.588319981742844,0.4510505787650588,1.5699606867578175,0.6980004149145298
excluding auctions,logfb,-0.01777181940434162,0.01311637591502949,0.17543868985143507,-0.1824621098539032,0.8332162140143083,0.12716255200377014
excluding auctions,pos_f,0.0067283469893821635,0.0035614158095196137,0.05886051259510143,0.06634951490536371,1.0686001435811983,0.41934585460925433
excluding auctions,no_recent_fb,-0.19314522103889786,0.03244310924681899,2.627068254295792e-09,-23.372091129595447,7.073425632598394e-11,0.0
excluding auctions,free_ship_i,-0.0030020216385861077,0.04009550351190685,0.9403167313895017,0.4330722924591656,1.5419876907535295,0.1792091362332816
excluding auctions,lrt,-0.04602464376114574,0.01412542910038453,0.0011208861361630303,-0.5462628582856143,0.5791099875138778,0.03438003182572867
excluding auctions,sold_flag_i,0.05164461233395051,0.047207243701697175,0.27395602131616337,1.4943398158037118,4.456393540901584,0.0024901106267654753
excluding auctions,watch_flag_i,0.09762051908260858,0.022253842531164622,1.1509313571925139e-05,0.9141462001503325,2.4946444153535654,0.00028768936083596803
excluding auctions,bo_i,-0.06875087971528249,0.024376306204452265,0.004796415327630261,-0.1676315476533202,0.8456653646772772,0.522675009381407
excluding auctions,free_returns_i,0.02417604821886395,0.043139516024542496,0.5751961442007363,-0.7707639088380371,0.4626595035990164,0.08928989163639067
excluding auctions,vol_i,0.044625886496550644,0.042917980075183104,0.2984353106215034,0.5828578021976161,1.7911498755728434,0.06104147478773787
excluding auctions,allwords_i,0.2658184362739712,0.023480106730546693,1.032795023970132e-29,2.9718512167639437,19.52803678440655,4.126071337651314e-13
excluding auctions,exact_i,-0.011937636026848207,0.02443236258544226,0.6251253863804591,-0.05162895578938335,0.9496811751798453,0.8469781211961018
excluding auctions,title_len10,0.010178706458765122,0.006477618969804354,0.11609779320035199,0.05608058843655566,1.0576829173148228,0.3410790624940725
excluding auctions,intl_i,-0.09001876328246719,0.055380408348171324,0.10406410071560718,-1.6494912855443267,0.19214763204003077,0.027965928481688183
excluding auctions,price_range_i,-0.028415662896416526,0.07443073760312899,0.7026295789171999,-0.6966179860323977,0.49826760540519976,0.1978292962821957
excluding auctions,coupon_i,0.00530703172295354,0.0909276297789687,0.9534575374292449,1.392317453621146,4.0241650711802555,0.003341782480913285
excluding auctions,scarcity_i,0.09530799036920258,0.04147633952824355,0.02156815417532223,0.09865919906382078,1.103690096839149,0.851016104519635
excluding auctions,just_listed_i,0.3112557085468212,0.07409930240330995,2.663009457184004e-05,4.225730200633963,68.42444888723597,6.116356041235223e-09
excluding auctions,new_low_price_i,0.057056548322217765,0.10745884478761886,0.5954452077998352,0.43162044215986506,1.5397505798312336,0.7135658335117412
