query,N_real_results,reported,owner_listings_in_results,owner_ranks_s1,owner_best_rank_s1,owner_best_delivered,n_comparable,n_cheaper_comparable,owner_cheapest_among_comparable,comp_median_delivered,n_comp_same_size,n_cheaper_same_size,owner_cheapest_same_size,promoted_total,promoted_in_top10,top10_share_promoted,promoted_positions,owner_ranks_s2,owner_promoted_any,spearman_rank_s1_s2,top10_overlap_ids,same_rank1
calathea rattlesnake,53,53,1,7,7.0,24.979999999999997,26.0,4.0,False,35.125,15.0,2.0,False,11.0,3.0,0.3,"2,3,4,13,14,15,16,29,30,31,32",8,False,0.988872762457668,10.0,True
calathea setosa,119,119,1,1,1.0,25.979999999999997,1.0,0.0,True,34.0,0.0,0.0,False,14.0,3.0,0.3,"2,3,4,13,14,15,16,29,30,31,32,39,40,119",1,False,0.9941945571894338,9.0,True
cebu blue pothos,85,85,1,52,52.0,22.98,38.0,15.0,False,25.525,5.0,4.0,False,14.0,4.0,0.4,"1,2,3,4,13,14,15,16,29,30,31,32,39,40",52,False,0.9926900880834262,8.0,True
christmas cactus,120,1000,0,,,,,,,,,,,14.0,3.0,0.3,"2,3,4,14,15,16,29,30,31,32,39,40,119,120",,,0.9685777831341142,10.0,True
hoya australis lisa,120,150,1,27,27.0,23.979999999999997,25.0,4.0,False,30.939999999999998,8.0,1.0,False,15.0,3.0,0.3,"2,3,4,13,14,15,16,29,30,31,32,39,40,119,120",25,False,0.8978629980967795,9.0,True
hoya carnosa compacta,69,69,1,5,5.0,20.98,38.0,4.0,False,33.93,7.0,3.0,False,14.0,4.0,0.4,"1,2,3,4,13,14,15,16,29,30,31,32,39,40",5,False,0.9593715747168434,9.0,True
hoya cummingiana,120,1200,1,5,5.0,40.18,3.0,1.0,False,58.99,0.0,0.0,False,15.0,3.0,0.3,"2,3,4,13,14,15,16,29,30,31,32,39,40,119,120",1,False,0.8594650043399353,9.0,False
hoya kerrii,120,643,2,"88,95",88.0,28.979999999999997,74.0,10.0,False,38.224999999999994,18.0,3.0,False,13.0,3.0,0.3,"2,3,4,13,14,29,30,31,32,39,40,119,120","92,100",False,0.9672867672867672,8.0,True
monstera peru,56,56,3,"33,36,43",33.0,24.490000000000002,31.0,4.0,False,44.6,5.0,2.0,False,,,,,,,,,
monstera siltepecana,63,63,1,21,21.0,28.979999999999997,13.0,6.0,False,29.99,5.0,1.0,False,12.0,3.0,0.3,"2,3,4,13,14,15,16,29,30,31,32,39",21,False,0.990632318501171,8.0,False
peperomia hope,57,57,2,"17,23",17.0,23.979999999999997,20.0,8.0,False,26.695,12.0,2.0,False,13.0,3.0,0.3,"2,3,4,13,14,15,16,29,30,31,32,39,40","18,23",False,0.9530075187969924,10.0,True
philodendron brasil,120,169,1,49,49.0,25.979999999999997,61.0,32.0,False,24.78,5.0,1.0,False,15.0,3.0,0.3,"2,3,4,13,14,15,16,29,30,31,32,39,40,119,120",46,False,0.8849807719698051,8.0,True
philodendron micans,111,111,1,48,48.0,22.98,61.0,10.0,False,42.879999999999995,9.0,0.0,True,13.0,3.0,0.3,"2,3,4,13,14,15,16,29,30,31,32,39,40",49,False,0.9932432432432432,8.0,True
philodendron pink princess,120,164,1,94,94.0,63.18,82.0,54.0,False,46.075,18.0,13.0,False,15.0,3.0,0.3,"2,3,4,13,14,15,16,29,30,31,32,39,40,119,120",90,False,0.928186137558022,9.0,True
pilea peperomioides,120,164,1,48,48.0,28.979999999999997,89.0,53.0,False,25.98,29.0,17.0,False,15.0,3.0,0.3,"2,3,4,13,14,15,16,29,30,31,32,39,40,119,120",48,False,0.9262783079333428,9.0,True
raven zz plant,46,46,1,27,27.0,41.33,34.0,20.0,False,37.8,5.0,3.0,False,15.0,3.0,0.3,"2,3,4,13,14,15,16,29,47,48,56,57,61,128,129","28,76,82,114",False,0.972741288930003,9.0,True
rhaphidophora tetrasperma,63,63,2,"21,28",21.0,23.979999999999997,45.0,3.0,False,69.99,7.0,1.0,False,15.0,3.0,0.3,"2,3,4,13,14,15,16,29,30,31,32,39,40,63,64","20,27",False,0.9816675480345496,10.0,True
sansevieria moonshine,92,92,1,18,18.0,25.979999999999997,67.0,9.0,False,59.0,7.0,0.0,True,,,,,,,,,
satin pothos,116,116,2,"43,54",43.0,23.979999999999997,40.0,9.0,False,35.025,12.0,6.0,False,13.0,3.0,0.3,"2,3,4,13,14,15,16,29,30,31,32,39,40","42,50",False,0.9753097135642708,10.0,True
syngonium chiapense,120,208,2,"20,97",20.0,28.979999999999997,16.0,1.0,False,47.0,5.0,0.0,True,16.0,4.0,0.4,"1,2,3,4,13,14,15,16,29,30,31,32,39,40,119,120","20,96",False,0.969227847592753,9.0,True
syngonium mojito,21,21,1,10,10.0,30.979999999999997,13.0,2.0,False,42.99,3.0,1.0,False,15.0,3.0,0.3,"2,3,4,13,14,22,23,31,32,33,34,55,56,130,131",10,False,0.9623376623376624,10.0,True
texas ebony plant,8,8,1,6,6.0,34.43,0.0,0.0,False,,0.0,0.0,False,15.0,3.0,0.3,"2,3,4,16,17,18,19,32,33,34,35,42,43,121,122",6,False,1.0,9.0,True
watermelon peperomia,39,39,1,3,3.0,25.979999999999997,27.0,4.0,False,35.7,16.0,2.0,False,18.0,3.0,0.3,"2,3,4,13,14,15,16,29,30,31,32,40,41,42,43,51,58,126","3,122",True,0.9431174089068828,9.0,True
