query,item_id,rank_s1,rank_s2,promoted_s2,organic_rank_s2,N_s1,N_s2,title
calathea rattlesnake,168578976268,7.0,8,False,5.0,53.0,53,Calathea Rattlesnake 4 in Live Houseplant | Lancifolia Prayer Plant
calathea setosa,168578976239,1.0,1,False,1.0,119.0,119,Calathea Setosa Grey Star 4 in Live Houseplant | Prayer Plant
cebu blue pothos,168578976247,52.0,52,False,38.0,85.0,84,Cebu Blue Pothos 3 in Live Houseplant | Epipremnum Pinnatum
hoya australis lisa,168578976231,27.0,25,False,18.0,120.0,120,Hoya Australis Lisa 4 in Live Houseplant | Variegated Hoya
hoya carnosa compacta,168578976224,5.0,5,False,1.0,69.0,69,Hoya Hindu Rope Variegated 2 in Live Houseplant | Hoya Carnosa Compacta
hoya cummingiana,168284607684,5.0,1,False,1.0,120.0,120,Hoya Cummingiana - Live Houseplant - 6-inch Pot
hoya kerrii,168284607681,95.0,100,False,89.0,120.0,120,Hoya Kerrii - Live Houseplant - 4-inch Pot
hoya kerrii,168578976223,88.0,92,False,81.0,120.0,120,Hoya Kerrii 4 in Variegated 1 Heart Leaf Live Succulent Heart Plant Easy Care
hoya sunrise,168284607679,,9,False,6.0,,66,Hoya Sunrise - Live Houseplant - Standard Pot
hoya sunrise,168578976226,,11,False,8.0,,66,Hoya Sunrise 4 in Live Houseplant | Rare Hoya | Easy Care Indoor Vining Plant
monstera siltepecana,168578976222,21.0,21,False,14.0,63.0,62,Monstera Siltepecana 4 in Live Houseplant | Silver Monstera
peperomia hope,168284607715,23.0,23,False,16.0,57.0,57,Peperomia Hope - Live Houseplant - 6-inch Pot
peperomia hope,168578976263,17.0,18,False,11.0,57.0,57,Peperomia Hope 4 in Live Houseplant | Trailing Peperomia
philodendron brasil,168578976257,49.0,46,False,33.0,120.0,120,Philodendron Brasil 6 in Live Houseplant | Variegated Heartleaf Philodendron
philodendron micans,168578976248,48.0,49,False,36.0,111.0,111,Philodendron Micans 4 in Live Houseplant | Velvet Leaf Philodendron
philodendron pink princess,168284607710,94.0,90,False,77.0,120.0,120,Philodendron Pink Princess - Live Houseplant - 4-inch Pot
pilea peperomioides,168578976235,48.0,48,False,35.0,120.0,120,Chinese Money Plant 4 in Live Houseplant | Pilea Peperomioides
raven zz plant,168284607742,27.0,28,False,21.0,46.0,46,Rare Black Raven ZZ - Live Houseplant - 4-inch Pot
raven zz plant,168578976218,82.0,82,False,69.0,46.0,46,ZZ Plant Zamifolia 8 in Live Houseplant | Zamioculcas Zamiifolia
raven zz plant,168578976252,114.0,114,False,101.0,46.0,46,ZZ Plant 2 in Live Houseplant | Zamioculcas Zamiifolia
raven zz plant,168578976271,76.0,76,False,63.0,46.0,46,ZZ Plant 2 in Live Houseplant | Zamioculcas Zamiifolia
rhaphidophora tetrasperma,168578976210,21.0,20,False,13.0,63.0,64,Mini Monstera 4 in Live Houseplant | Rhaphidophora Tetrasperma
rhaphidophora tetrasperma,168578976216,28.0,27,False,20.0,63.0,64,Mini Monstera 8 in Live Houseplant | Rhaphidophora Tetrasperma
satin pothos,168578976237,54.0,50,False,37.0,116.0,115,Satin Pothos 4 in Live Houseplant | Scindapsus Pictus
satin pothos,168578976270,43.0,42,False,29.0,116.0,115,Satin Pothos 4 in Live Houseplant | Scindapsus Pictus
syngonium chiapense,168578976213,97.0,96,False,82.0,120.0,120,Syngonium Auritum Tri-Leaf Wonder Plant
syngonium chiapense,168578976217,20.0,20,False,12.0,120.0,120,Syngonium Chiapense 4 in Live Houseplant | Rare Arrowhead Plant
syngonium mojito,168578976211,10.0,10,False,7.0,21.0,21,Syngonium Mojito 4 in Live Houseplant | Rare Variegated Arrowhead Plant
syngonium pink splash,168284607757,,46,False,32.0,,120,Syngonium Pink Splash - Live Houseplant - 4-inch Pot
syngonium pink splash,168578976219,,42,False,28.0,,120,Syngonium Pink Splash 4 in Live Houseplant | Arrowhead Plant
texas ebony plant,168284607758,6.0,6,False,3.0,8.0,8,Texas Ebony - Live Houseplant - 4-inch Pot
watermelon peperomia,168578976256,120.0,122,False,105.0,39.0,39,Peperomia Rosso 4 in Live Houseplant | Emerald Ripple Peperomia
watermelon peperomia,168578976274,3.0,3,True,,39.0,39,Watermelon Peperomia (Stilt) 4 in Live Houseplant | Peperomia Argyreia
