group,relation,note,listing_id,title,price,ship_cost,displayed_rank_in_a_query,query,sold,watchers,n_photos,listing_style,action
G01,exact duplicate,"ZZ Plant 2 in: identical title, price $12.99, 2 photos each",168578976252,ZZ Plant 2 in Live Houseplant | Zamioculcas Zamiifolia,12.99,6.99,114,raven zz plant,0,1,2,new,"KEEP (keep 168578976252 (1 watcher, 1 cart))"
G01,exact duplicate,"ZZ Plant 2 in: identical title, price $12.99, 2 photos each",168578976271,ZZ Plant 2 in Live Houseplant | Zamioculcas Zamiifolia,12.99,6.99,76,raven zz plant,0,0,2,new,END
G02,exact duplicate,"Satin Pothos 4 in: identical title, price $16.99",168578976237,Satin Pothos 4 in Live Houseplant | Scindapsus Pictus,16.99,6.99,54,satin pothos,0,0,2,new,END
G02,exact duplicate,"Satin Pothos 4 in: identical title, price $16.99",168578976270,Satin Pothos 4 in Live Houseplant | Scindapsus Pictus,16.99,6.99,43,satin pothos,0,0,2,new,"KEEP (keep 168578976270 (ranks higher for ""satin pothos""); paste the longer text of 168578976237 into it)"
G03,exact duplicate,"Crimson Princess / Hoya Crimson Princess: both 6-inch, both $27.78",168284607629,Crimson Princess - Live Houseplant - 6-inch Pot,27.78,9.99,,,0,0,1,old,END
G03,exact duplicate,"Crimson Princess / Hoya Crimson Princess: both 6-inch, both $27.78",168284607670,Hoya Crimson Princess - Live Houseplant - 6-inch Pot,27.78,9.99,,,0,0,1,old,KEEP (keep 168284607670 (has genus in title))
G04,exact duplicate,Hoya Kerrii 4-inch (old) vs 4 in (new),168284607681,Hoya Kerrii - Live Houseplant - 4-inch Pot,22.14,9.99,95,hoya kerrii,0,0,1,old,END
G04,exact duplicate,Hoya Kerrii 4-inch (old) vs 4 in (new),168578976223,Hoya Kerrii 4 in Variegated 1 Heart Leaf Live Succulent Heart Plant Easy Care,21.99,6.99,88,hoya kerrii,0,0,4,new-nonstandard,KEEP (keep 168578976223)
G05,exact duplicate,Monstera Peru 3-inch (old) vs 3 in (new),168284607697,Monstera Peru - Live Houseplant - 3-inch Pot,19.84,9.99,43,monstera peru,0,1,1,old,END
G05,exact duplicate,Monstera Peru 3-inch (old) vs 3 in (new),168578976251,Monstera Peru 3 in Live Houseplant | Monstera Karstenianum,17.5,6.99,33,monstera peru,0,0,2,new,KEEP (keep 168578976251)
G06,exact duplicate,Syngonium Pink Splash 4-inch old vs new,168284607757,Syngonium Pink Splash - Live Houseplant - 4-inch Pot,29.04,9.99,,,0,0,1,old,END
G06,exact duplicate,Syngonium Pink Splash 4-inch old vs new,168578976219,Syngonium Pink Splash 4 in Live Houseplant | Arrowhead Plant,24.99,6.99,,,0,0,2,new,KEEP (keep 168578976219)
G07,exact duplicate,Syngonium Batik 4-inch old vs new,168284607754,Syngonium Batik - Live Houseplant - 4-inch Pot,29.62,9.99,,,0,0,1,old,END
G07,exact duplicate,Syngonium Batik 4-inch old vs new,168578976250,Syngonium Batik 4 in Live Houseplant | Rare Arrowhead Plant,25.99,6.99,,,0,0,2,new,KEEP (keep 168578976250)
G08,exact duplicate,"Hoya Sunrise (old: ""Standard Pot"") vs 4 in (new)",168284607679,Hoya Sunrise - Live Houseplant - Standard Pot,26.74,9.99,,,0,0,1,old,END
G08,exact duplicate,"Hoya Sunrise (old: ""Standard Pot"") vs 4 in (new)",168578976226,Hoya Sunrise 4 in Live Houseplant | Rare Hoya | Easy Care Indoor Vining Plant,18.99,6.99,,,0,0,3,new,"KEEP (keep 168578976226 (old description names ""Hoya Obovata""))"
G09,exact duplicate,"Rainbow Anthurium (old: ""Standard Pot"") vs 4 in (new)",168284607730,Rainbow Anthurium - Live Houseplant - Standard Pot,23.29,9.99,,,0,0,1,old,END
G09,exact duplicate,"Rainbow Anthurium (old: ""Standard Pot"") vs 4 in (new)",168578976238,Rainbow Anthurium 4 in Live Houseplant | Flamingo Flower,18.99,6.99,,,0,0,2,new,KEEP (keep 168578976238)
G10,exact duplicate,"Hoya Carnosa 4-inch old vs 4 in ""Jade Wax"" new",168284607678,Hoya Carnosa - Live Houseplant - 4-inch Pot,19.84,9.99,,,0,0,1,old,END
G10,exact duplicate,"Hoya Carnosa 4-inch old vs 4 in ""Jade Wax"" new",168578976241,Hoya Carnosa (Jade Wax) 4 in Live Houseplant | Wax Plant,17.99,6.99,,,0,0,3,new,KEEP (keep 168578976241)
G11,exact duplicate,"Sansevieria 6-inch (old, desc: zeylanica) vs Sansevieria Zeylanica 6 in (new)",168284607740,Sansevieria - Live Houseplant - 6-inch Pot,26.74,9.99,,,0,0,1,old,END
G11,exact duplicate,"Sansevieria 6-inch (old, desc: zeylanica) vs Sansevieria Zeylanica 6 in (new)",168578976227,Sansevieria Zeylanica 6 in Live Houseplant | Bowstring Hemp Snake Plant,23.99,6.99,,,0,0,2,new,KEEP (keep 168578976227)
G12,exact duplicate,"Marble Queen (old, ""Standard Pot"") vs Marble Queen Pothos 4 in (new)",168284607692,Marble Queen - Live Houseplant - Standard Pot,20.99,9.99,,,0,0,1,old,END
G12,exact duplicate,"Marble Queen (old, ""Standard Pot"") vs Marble Queen Pothos 4 in (new)",168578976266,Marble Queen Pothos 4 in Live Houseplant | Epipremnum Aureum,15.99,6.99,,,0,0,2,new,KEEP (keep 168578976266)
G13,probable duplicate,Creamsicle 4-inch old (aloe) vs Creamsicle Plant 4 in new (descriptions differ on plant type),168284607627,Creamsicle - Live Houseplant - 4-inch Pot,19.85,9.99,,,0,0,1,old,END
G13,probable duplicate,Creamsicle 4-inch old (aloe) vs Creamsicle Plant 4 in new (descriptions differ on plant type),168578976258,Creamsicle Plant 4 in Live Houseplant | Rare Tropical Indoor Plant,16.99,6.99,,,0,0,2,new,"KEEP (keep 168578976258 after confirming the plant (aloe vs ""tropical"") and adding the genus)"
G14,probable duplicate,Curly Sue 4-inch old (Juncus) vs Curly Sue 4 in new,168284607636,Curly Sue - Live Houseplant - 4-inch Pot,26.74,9.99,,,0,0,1,old,END
G14,probable duplicate,Curly Sue 4-inch old (Juncus) vs Curly Sue 4 in new,168578976273,Curly Sue 4 in Live Houseplant | Unique Curly Leaf Plant,22.99,6.99,,,0,0,3,new,KEEP (keep 168578976273 after adding Juncus effusus to title and specifics)
G15,probable duplicate,Siltepecana El Salvador old (desc says Hoya) vs Monstera Siltepecana new,168284607756,Siltepecana El Salvador - Live Houseplant - 4-inch Pot,34.79,9.99,,monstera siltepecana,0,0,1,old,END
G15,probable duplicate,Siltepecana El Salvador old (desc says Hoya) vs Monstera Siltepecana new,168578976222,Monstera Siltepecana 4 in Live Houseplant | Silver Monstera,21.99,6.99,21,monstera siltepecana,0,0,2,new,KEEP (keep 168578976222 (old description says Hoya))
G16,"same plant, different pot size",Pink Fittonia 4-inch vs 3 in,168284607727,Pink Fittonia - Live Houseplant - 4-inch Pot,20.25,9.99,,,0,0,1,old,phase 2: merge pot sizes into one variation listing
G16,"same plant, different pot size",Pink Fittonia 4-inch vs 3 in,168578976262,Pink Fittonia 3 in Live Houseplant | Nerve Plant,12.99,6.99,,,0,0,2,new,phase 2: merge pot sizes into one variation listing
G17,"same plant, different pot size",Haworthia Zebra 2-inch vs 4 in,168284607664,Haworthia Zebra - Live Houseplant - 2-inch Pot,15.24,9.99,,,0,0,1,old,phase 2: merge pot sizes into one variation listing
G17,"same plant, different pot size",Haworthia Zebra 2-inch vs 4 in,168578976261,Haworthia Zebra 4 in Live Houseplant | Zebra Cactus,15.99,6.99,,,0,0,2,new,phase 2: merge pot sizes into one variation listing
G18,"same plant, different pot size",Peperomia Hope 6-inch vs 4 in,168284607715,Peperomia Hope - Live Houseplant - 6-inch Pot,33.64,9.99,23,peperomia hope,0,0,1,old,phase 2: merge pot sizes into one variation listing
G18,"same plant, different pot size",Peperomia Hope 6-inch vs 4 in,168578976263,Peperomia Hope 4 in Live Houseplant | Trailing Peperomia,16.99,6.99,17,peperomia hope,0,0,2,new,phase 2: merge pot sizes into one variation listing
G19,"same plant, different pot size",Mini Monstera 4 in vs 8 in,168578976210,Mini Monstera 4 in Live Houseplant | Rhaphidophora Tetrasperma,16.99,6.99,21,rhaphidophora tetrasperma,0,2,2,new,phase 2: merge pot sizes into one variation listing
G19,"same plant, different pot size",Mini Monstera 4 in vs 8 in,168578976216,Mini Monstera 8 in Live Houseplant | Rhaphidophora Tetrasperma,27.99,6.99,28,rhaphidophora tetrasperma,0,0,2,new,phase 2: merge pot sizes into one variation listing
G20,"same plant, different pot size",Shooting Star 4-inch vs 6-inch,168284607737,Shooting Star - Live Houseplant - 4-inch Pot,30.19,9.99,,,0,0,1,old,phase 2: merge pot sizes into one variation listing
G20,"same plant, different pot size",Shooting Star 4-inch vs 6-inch,168284607750,Shooting Star - Live Houseplant - 6-inch Pot,45.14,9.99,,,0,0,1,old,phase 2: merge pot sizes into one variation listing
G21,"same plant, different pot size",Monstera Peru 3 in vs 4 in (both new template),168578976251,Monstera Peru 3 in Live Houseplant | Monstera Karstenianum,17.5,6.99,33,monstera peru,0,0,2,new,phase 2: merge pot sizes into one variation listing
G21,"same plant, different pot size",Monstera Peru 3 in vs 4 in (both new template),168578976212,Monstera Peru 4 in Live Houseplant | Monstera Karstenianum,17.99,6.99,36,monstera peru,0,0,2,new,phase 2: merge pot sizes into one variation listing
G22,"same plant, different pot size",ZZ Plant 8 in vs 2 in,168578976218,ZZ Plant Zamifolia 8 in Live Houseplant | Zamioculcas Zamiifolia,34.99,6.99,82,raven zz plant,1,0,2,new,phase 2: merge pot sizes into one variation listing
G22,"same plant, different pot size",ZZ Plant 8 in vs 2 in,168578976252,ZZ Plant 2 in Live Houseplant | Zamioculcas Zamiifolia,12.99,6.99,114,raven zz plant,0,1,2,new,phase 2: merge pot sizes into one variation listing
G23,conflicting identity,Lime Dragon (desc: Hoya) vs Dracaena Lime Dragon (desc: Dracaena),168284607683,Lime Dragon - Live Houseplant - 4-inch Pot,20.99,9.99,,,0,0,1,old,"owner to confirm which plant this is, then fix"
G23,conflicting identity,Lime Dragon (desc: Hoya) vs Dracaena Lime Dragon (desc: Dracaena),168284607635,Dracaena Lime Dragon - Live Houseplant - 6-inch Pot,27.89,9.99,,,0,0,1,old,"owner to confirm which plant this is, then fix"
G24,colour variants of one plant (could be one variation listing),"Christmas Cactus: Pink / Orange / Red + generic ""Surprise Color"" (pink, red, white or purple)",168284607711,Pink Christmas Cactus - Live Houseplant - 4-inch Pot,23.29,9.99,,christmas cactus,1,0,1,old,phase 2: one listing with a colour variation
G24,colour variants of one plant (could be one variation listing),"Christmas Cactus: Pink / Orange / Red + generic ""Surprise Color"" (pink, red, white or purple)",168284607714,Orange Christmas Cactus - Live Houseplant - 4-inch Pot,20.99,9.99,,christmas cactus,1,0,1,old,phase 2: one listing with a colour variation
G24,colour variants of one plant (could be one variation listing),"Christmas Cactus: Pink / Orange / Red + generic ""Surprise Color"" (pink, red, white or purple)",168284607745,Red Christmas Cactus - Live Houseplant - 4-inch Pot,20.99,9.99,,christmas cactus,0,0,1,old,phase 2: one listing with a colour variation
G24,colour variants of one plant (could be one variation listing),"Christmas Cactus: Pink / Orange / Red + generic ""Surprise Color"" (pink, red, white or purple)",168578976275,Christmas Cactus 4 in Live Flowering Cactus | Surprise Color,17.99,6.99,,christmas cactus,0,0,3,new,phase 2: one listing with a colour variation
G25,colour variants of one plant (could be one variation listing),Bromeliad generic + Yellow / Purple / Red,168284607641,Bromeliad - Live Houseplant - 4-inch Pot,22.14,9.99,,,0,0,1,old,phase 2: one listing with a colour variation
G25,colour variants of one plant (could be one variation listing),Bromeliad generic + Yellow / Purple / Red,168578976225,Yellow Bromeliad 4 in Live Houseplant | Tropical Flowering Plant,18.99,6.99,,,0,0,2,new,phase 2: one listing with a colour variation
G25,colour variants of one plant (could be one variation listing),Bromeliad generic + Yellow / Purple / Red,168578976233,Purple Bromeliad 4 in Live Houseplant | Tropical Flowering Plant,18.0,6.99,,,0,0,2,new,phase 2: one listing with a colour variation
G25,colour variants of one plant (could be one variation listing),Bromeliad generic + Yellow / Purple / Red,168578976244,Red Bromeliad 4 in Live Houseplant | Tropical Flowering Plant,17.5,6.99,,,0,0,2,new,phase 2: one listing with a colour variation
G26,possible overlap,"Wandering Jew vs Pink Wandering Jew: both 6-inch, same scientific name in description",168284607767,Wandering Jew - Live Houseplant - 6-inch Pot,19.84,9.99,,,0,0,1,old,owner to confirm whether these are different plants
G26,possible overlap,"Wandering Jew vs Pink Wandering Jew: both 6-inch, same scientific name in description",168284607722,Pink Wandering Jew - Live Houseplant - 6-inch Pot,16.39,9.99,,,0,0,1,old,owner to confirm whether these are different plants
G27,possible overlap,Hoya Hindu Rope Variegated (carnosa compacta) vs Krinkle Wax (desc: Hoya carnosa),168578976224,Hoya Hindu Rope Variegated 2 in Live Houseplant | Hoya Carnosa Compacta,13.99,6.99,5,hoya carnosa compacta,3,10,2,new,owner to confirm whether these are different plants
G27,possible overlap,Hoya Hindu Rope Variegated (carnosa compacta) vs Krinkle Wax (desc: Hoya carnosa),168284607680,Krinkle Wax - Live Houseplant - 4-inch Pot,19.84,9.99,,hoya carnosa compacta,0,0,1,old,owner to confirm whether these are different plants
