feature,label,n_top10,n_rest,mean_top10,mean_rest,median_top10,median_rest,paired_query_diff_mean,queries_top_higher,queries_top_lower,wilcoxon_p_paired,mannwhitney_p_pooled
logfb,seller feedback count (log10),220,1730,2.7006317674410747,2.475567768856531,2.697505849789047,2.6138418218760693,0.25796295257263846,15,7,0.050072669982910156,0.007361729395758714
pos,% positive (valid only),220,1616,99.14500000000001,98.36435643564356,99.8,99.7,0.719825802357454,16,6,0.0028514862060546875,0.4110747132755126
no_recent_fb,shows 0% positive (no ratings last 12 mo),220,1730,0.0,0.06589595375722543,0.0,0.0,-0.07926192500986745,0,19,0.0001308020996998329,8.753626971814561e-05
free_ship,free shipping,220,1718,0.3090909090909091,0.24039580908032596,0.0,0.0,0.07227364206852106,13,9,0.15597057342529297,0.02640437878690377
rel_total,delivered price / query median,215,1689,1.0938185607181055,1.5976258453183645,0.8160849152888344,1.0202140309155767,-0.5587693173308363,3,19,0.0028514862060546875,4.5924175337911e-09
sold_flag,"has ""N sold"" badge",220,1730,0.08181818181818182,0.028901734104046242,0.0,0.0,0.053028952294044515,10,9,0.08340001854975634,5.6129884716046196e-05
log_sold,log(1+N sold),220,1730,0.3354180019171408,0.10760622550111607,0.0,0.0,0.22699304402866521,10,9,0.08355636667535958,4.8100241927986945e-05
watch_flag,has watchers badge,220,1730,0.2818181818181818,0.1653179190751445,0.0,0.0,0.12056641968796379,13,8,0.020811669213683284,2.1426027992745313e-05
log_watchers,log(1+watchers),220,1730,0.7403590400948993,0.3980005742722849,0.0,0.0,0.349896143367754,14,8,0.018956661224365234,8.449432506940288e-06
bo,Best Offer,220,1730,0.2590909090909091,0.3,0.0,0.0,-0.052619809130888436,7,15,0.11287164688110352,0.21044034252544463
auction,auction,220,1730,0.022727272727272728,0.01676300578034682,0.0,0.0,0.0102993918602838,3,6,0.8583387745277491,0.5246697987212152
free_returns,free returns,220,1730,0.03636363636363636,0.06127167630057803,0.0,0.0,-0.019948704074437263,5,15,0.21791717433594315,0.13816139522438006
vol,volume discount (Save up to X%),220,1730,0.24545454545454545,0.1375722543352601,0.0,0.0,0.09755028125726245,15,6,0.012948886352603273,2.4133076125022082e-05
exact,title has exact query phrase,220,1730,0.6045454545454545,0.3786127167630058,1.0,0.0,0.2252770132522975,15,7,0.007443428039550781,1.2714139062140597e-10
allwords,title has all query words,220,1730,0.8636363636363636,0.5104046242774567,1.0,1.0,0.31985306159628946,21,1,3.337860107421875e-06,3.4980293199603016e-23
title_len,title length (chars),220,1730,63.92727272727273,59.14971098265896,71.0,64.0,5.114690549934614,19,3,0.0005927085876464844,0.00012963576800107638
intl,ships from outside US,220,1730,0.013636363636363636,0.049132947976878616,0.0,0.0,-0.03603615253820366,1,6,0.06297905121445523,0.01693293389710921
price_range,price range (multi-variation),220,1730,0.022727272727272728,0.04508670520231214,0.0,0.0,-0.02695874434506933,4,16,0.03649595519083631,0.12190745735480933
coupon,coupon shown,220,1730,0.03636363636363636,0.024277456647398842,0.0,0.0,0.01646337881649569,5,9,0.875138580080403,0.2856293546749511
scarcity,"""Last one""/""Almost gone""",220,1730,0.045454545454545456,0.02716763005780347,0.0,0.0,0.01946636195523562,9,9,0.19872498504453695,0.1295136787336575
just_listed,"""JUST LISTED"" banner",220,1730,0.05,0.004046242774566474,0.0,0.0,0.04662620635991557,6,4,0.07333249334226397,1.9310167729082626e-11
new_low_price,"""NEW LOW PRICE"" banner",220,1730,0.00909090909090909,0.010982658959537572,0.0,0.0,-0.0021059096823125116,2,9,0.28504940740261275,0.7982307162505565
fb,seller feedback count (raw),220,1730,2573.1,4034.735838150289,497.5,410.0,-2056.3340684686987,10,12,0.5660676956176758,0.007361907233703149
delivered,delivered price $,215,1689,37.960558139534875,56.48337477797512,28.689999999999998,34.44,-21.511560906099003,3,19,0.003239154815673828,3.965061725309915e-06
price,item price $,220,1730,31.37040909090909,46.494930635838145,21.994999999999997,25.994999999999997,-17.68149543493283,3,19,0.005275726318359375,0.007486143809320309
ship,shipping $,220,1718,7.198181818181817,10.116868451688008,6.34,8.51,-3.010743256197473,4,18,0.0014548301696777344,1.7629681711440333e-05
