seller,raw_len,pos_12m,member_since,member_country,seller_name,score,positive_1m,positive_6m,positive_12m,neutral_1m,neutral_6m,neutral_12m,negative_1m,negative_6m,negative_12m,detailed_ratings,detailed_available,feedback_received_total_listed,automated_on_page_counter,detailed_block,themes_n_comments,themes_packaging,themes_plant_health,themes_size_big_full,themes_size_small,themes_damage_problem,themes_speed,themes_communication,themes_value_price,themes_as_described,comments_total_page1,comments_automated_page1,itempage_display_name,itempage_joined,itempage_items_sold,itempage_pos_pct,itempage_feedback_total,item_location,detailed_avg_accurate,detailed_avg_shipcost,detailed_avg_shipspeed,detailed_avg_comm,itempage_store_blurb,s1_cards_in_results,s1_queries,s1_top10_slots,s1_best_rank,s1_just_listed_cards,s2_cards_in_results,s2_promoted_cards,s2_promoted_share,s2_promoted_in_top4,s2_organic_top10_slots,store_count_heading,cards_scraped,price_median,price_p25,price_p75,ship_median_paid,share_free_ship,share_vol_discount,share_best_offer,share_auction,share_free_returns,share_watchers,share_sold_badge,share_just_listed,share_promoted_cards,delivered_median,title_live,title_rare,title_exact,title_rooted,title_free_ship_in_title,title_pot_size,title_variegated,title_houseplant,title_pipe_sep,title_dash_sep,title_caps_words,title_emoji,title_latin_quotes,title_len_median,hdr_items_sold,hdr_followers,hdr_top_rated,hdr_results,ship_to_zip,active_listings
abdullahalazam,9866,99.1,May-18-13,United States,abdullahalazam,410,56,269,338,1,2,5,1,2,3,"{""Accurate description (n ratings)"": 92, ""Reasonable shipping cost (n ratings)"": 93, ""Shipping speed (n ratings)"": 95, ""Communication (n ratings)"": 94}",True,455,249,Average for the last 12 months |  | Accurate description | (92) | Reasonable shipping cost | (93) | Shipping speed | (95) | Communication | (94),25,19,2,2,0,1,18,18,2,9,25,0,abdullahalazam,May 2013,676,99.1,444,"Webster, Texas, United States",4.8,4.9,5.0,4.9,Usually responds within 24 hours Seller's other items,40,10,14,1,0,35,8,0.22857142857142856,2,8,,,,,,,,,,,,,,,,,,,,,,,,,,,,,,,,,,,,
abznursery,7744,96.7,Aug-13-25,United States,abznursery,37,1,12,33,0,0,0,0,1,1,"{""Accurate description (n ratings)"": 14, ""Reasonable shipping cost (n ratings)"": 14, ""Shipping speed (n ratings)"": 14, ""Communication (n ratings)"": 14}",True,42,18,Average for the last 12 months |  | Accurate description | (14) | Reasonable shipping cost | (14) | Shipping speed | (14) | Communication | (14),18,7,7,2,0,3,9,14,2,2,25,7,abznursery,Aug 2025,59,96.7,40,"Houston, Texas, United States",4.7,4.9,5.0,5.0,Usually responds within 24 hours Seller's other items,9,3,4,1,0,9,6,0.6666666666666666,1,1,abznursery,60.0,49.99,28.74,59.99,13.99,0.0,0.08333333333333333,0.15,0.0,0.0,0.48333333333333334,0.0,0.0,0.0,63.980000000000004,0.016666666666666666,0.5,0.38333333333333336,0.016666666666666666,0.0,0.3333333333333333,0.05,0.1,0.0,0.8,0.3,0.0,0.0,60.0,59,30,False,73,94104,73
bubbleblooms.shop,11094,98.3,Mar-12-21,United States,bubbleblooms.shop,2564,77,515,750,1,10,12,0,7,13,"{""Accurate description (n ratings)"": 259, ""Reasonable shipping cost (n ratings)"": 253, ""Shipping speed (n ratings)"": 267, ""Communication (n ratings)"": 273}",True,3299,500,Average for the last 12 months |  | Accurate description | (259) | Reasonable shipping cost | (253) | Shipping speed | (267) | Communication | (273),25,19,12,2,0,5,14,17,5,9,25,0,BubbleBlooms,Mar 2021,7.5K,98.3,3276,"Apopka, Florida, United States",4.8,4.9,4.9,5.0,"We sell a ton of house plant varieties such as cacti, succulents, palms, haworthias, kanlanchoes, peperomias, and hoyas. We have genus starting with euphorbias, stapelias, orbeas, sansevierias, ...",75,18,19,2,0,76,46,0.6052631578947368,15,3,,,,,,,,,,,,,,,,,,,,,,,,,,,,,,,,,,,,
canopygems,11994,99.7,Jan-06-15,United States,canopygems,2142,66,333,600,0,2,4,0,0,1,"{""Accurate description (n ratings)"": 122, ""Reasonable shipping cost (n ratings)"": 121, ""Shipping speed (n ratings)"": 123, ""Communication (n ratings)"": 122}",True,2847,449,Average for the last 12 months |  | Accurate description | (122) | Reasonable shipping cost | (121) | Shipping speed | (123) | Communication | (122),25,22,13,2,2,2,17,17,8,14,25,0,Canopy Gems,Jan 2015,7.1K,99.7,2688,"Keaau, HI, United States",5.0,4.9,5.0,4.9,Visit store,24,5,5,5,0,32,0,0.0,0,4,,,,,,,,,,,,,,,,,,,,,,,,,,,,,,,,,,,,
eden-elements,15400,98.1,May-12-23,United States,eden-elements,250,32,281,281,0,3,3,0,5,5,"{""Accurate description (n ratings)"": 85, ""Reasonable shipping cost (n ratings)"": 90, ""Shipping speed (n ratings)"": 88, ""Communication (n ratings)"": 90}",True,290,191,Average for the last 12 months |  | Accurate description | (85) | Reasonable shipping cost | (90) | Shipping speed | (88) | Communication | (90),25,18,8,4,0,3,15,23,1,7,25,0,eden-elements,May 2023,359,98.1,290,"Albany, Georgia, United States",4.7,5.0,5.0,5.0,Usually responds within 24 hours Seller's other items,2,2,2,1,0,2,0,0.0,0,1,eden-elements,25.0,18.5,17.5,22.5,,1.0,0.0,0.0,0.0,0.0,0.4,0.52,0.0,0.0,18.5,0.2,0.08,0.0,0.28,0.0,0.12,0.12,0.12,0.04,0.2,0.32,0.0,0.04,70.0,359,56,False,25,94104,25
haileyshoya,10948,100.0,Jul-30-19,United States,haileyshoya,235,4,14,20,0,0,0,0,0,0,{},False,299,7,Average for the last 12 months |  | This information will be available when this member receives at least 10 detailed seller ratings.,25,22,15,2,0,1,18,20,3,13,25,0,haileyshoya,Jul 2019,622,100.0,218,"North Port, Florida, United States",,,,,Usually responds within 24 hours Seller's other items,9,2,1,1,0,10,0,0.0,0,1,,,,,,,,,,,,,,,,,,,,,,,,,,,,,,,,,,,,
hanwin-2412,6110,100.0,Jun-02-21,United States,hanwin-2412,60,6,36,41,0,0,0,0,0,0,{},False,65,1,Average for the last 12 months |  | This information will be available when this member receives at least 10 detailed seller ratings.,8,2,2,0,0,0,0,7,0,1,9,1,hanwin-2412,Jun 2021,17,100.0,9,"Suncook, New Hampshire, United States",,,,,Seller's other items,11,3,4,1,4,11,0,0.0,0,4,,,,,,,,,,,,,,,,,,,,,,,,,,,,,,,,,,,,
happilyplanted,10418,100.0,Feb-11-10,United States,happilyplanted,230,66,174,174,0,0,0,0,0,0,"{""Accurate description (n ratings)"": 65, ""Reasonable shipping cost (n ratings)"": 66, ""Shipping speed (n ratings)"": 66, ""Communication (n ratings)"": 65}",True,264,97,Average for the last 12 months |  | Accurate description | (65) | Reasonable shipping cost | (66) | Shipping speed | (66) | Communication | (65),25,20,6,4,0,0,12,18,2,7,25,0,Happily Planted Nursery,Feb 2010,330,100.0,208,"Debary, Florida, United States",5.0,5.0,5.0,5.0,"Usually responds within 24 hours 🌿 Welcome to Happily Planted! We’re a Florida-licensed, family-run plant nursery specializing in everything from everyday houseplants to rare, exotic, and unique varie",10,8,5,1,0,11,0,0.0,0,6,,,,,,,,,,,,,,,,,,,,,,,,,,,,,,,,,,,,
jessicastootielou,11962,99.8,Dec-22-14,United States,jessicastootielou,6744,121,1424,2330,2,9,14,0,2,4,"{""Accurate description (n ratings)"": 363, ""Reasonable shipping cost (n ratings)"": 391, ""Shipping speed (n ratings)"": 387, ""Communication (n ratings)"": 375}",True,9119,1973,Average for the last 12 months |  | Accurate description | (363) | Reasonable shipping cost | (391) | Shipping speed | (387) | Communication | (375),25,21,5,4,2,4,17,18,4,15,25,0,Hope's Exotic Gardens,Dec 2014,31K,99.8,9112,"Hurley, Mississippi, United States",4.9,5.0,5.0,4.9,Visit store,3,3,1,1,0,3,0,0.0,0,1,Hope's Exotic Gardens,60.0,24.99,22.99,26.24,,1.0,0.6833333333333333,0.0,0.0,0.0,0.2,0.65,0.0,0.0,24.99,0.35,0.11666666666666667,0.0,0.6833333333333333,0.0,0.0,0.03333333333333333,0.0,0.0,0.05,0.8666666666666667,0.0,0.0,78.0,31K,2.2K,False,563,94104,563
maiksylvia,11629,99.8,Sep-24-10,United States,maiksylvia,8982,122,701,1400,1,8,14,0,2,4,"{""Accurate description (n ratings)"": 438, ""Reasonable shipping cost (n ratings)"": 451, ""Shipping speed (n ratings)"": 449, ""Communication (n ratings)"": 443}",True,9760,1027,Average for the last 12 months |  | Accurate description | (438) | Reasonable shipping cost | (451) | Shipping speed | (449) | Communication | (443),25,23,8,3,0,3,19,21,9,13,25,0,maiksylvia,Sep 2010,21K,99.8,9183,"Englewood, Florida, United States",4.9,5.0,5.0,5.0,Usually responds within 24 hours,27,11,6,2,0,31,12,0.3870967741935484,4,3,maiksylvia,60.0,19.924999999999997,15.6875,34.9,7.925000000000001,0.4666666666666667,0.5,0.05,0.0,0.0,0.25,0.26666666666666666,0.0,0.0,27.299999999999997,0.43333333333333335,0.06666666666666667,0.03333333333333333,0.2833333333333333,0.0,0.25,0.2833333333333333,0.016666666666666666,0.0,0.016666666666666666,0.35,0.0,0.016666666666666666,73.0,21K,1.4K,False,465,94104,465
nnplant,12572,97.1,Aug-14-18,United States,nnplant,4979,170,911,1270,3,16,20,7,23,34,"{""Accurate description (n ratings)"": 374, ""Reasonable shipping cost (n ratings)"": 362, ""Shipping speed (n ratings)"": 381, ""Communication (n ratings)"": 368}",True,6467,1074,Average for the last 12 months |  | Accurate description | (374) | Reasonable shipping cost | (362) | Shipping speed | (381) | Communication | (368),25,21,15,3,1,7,11,18,7,5,25,0,NNPLANT,Aug 2018,25K,97.1,6461,"Modesto, California, United States",4.6,4.6,4.8,4.8,Visit store,12,5,4,5,0,12,2,0.16666666666666666,1,3,,,,,,,,,,,,,,,,,,,,,,,,,,,,,,,,,,,,
snakerootbotanicals,8514,98.3,May-20-26,United States,snakerootbotanicals,57,35,66,66,1,1,1,1,1,1,"{""Accurate description (n ratings)"": 16, ""Reasonable shipping cost (n ratings)"": 16, ""Shipping speed (n ratings)"": 17, ""Communication (n ratings)"": 17}",True,68,48,Average for the last 12 months |  | Accurate description | (16) | Reasonable shipping cost | (16) | Shipping speed | (17) | Communication | (17),19,8,8,1,2,3,12,12,3,2,25,6,Snakeroot Botanicals,May 2026,92,98.3,68,"Indianapolis, Indiana, United States",4.6,4.7,5.0,4.8,Usually responds within 24 hours Snakeroot Botanicals is a plant and gardening shop located in Indianapolis. We specialize in a wide variety of indoor houseplants. Our focus is on providing greenery f,17,10,2,1,0,18,2,0.1111111111111111,2,0,Snakeroot Botanicals,60.0,13.99,10.99,18.99,8.3,0.0,0.0,0.0,0.0,0.0,0.18333333333333332,0.0,0.0,0.0,24.29,0.0,0.0,0.0,0.0,0.0,0.35,0.03333333333333333,0.0,0.0,0.3,0.0,0.0,0.9666666666666667,34.0,92,31,False,88,94104,88
succulentsandcactus,9569,99.3,Nov-17-17,United States,succulentsandcactus,2418,69,195,310,0,2,4,2,2,3,"{""Accurate description (n ratings)"": 106, ""Reasonable shipping cost (n ratings)"": 114, ""Shipping speed (n ratings)"": 111, ""Communication (n ratings)"": 107}",True,3017,218,Average for the last 12 months |  | Accurate description | (106) | Reasonable shipping cost | (114) | Shipping speed | (111) | Communication | (107),25,14,10,1,0,2,14,15,3,4,25,0,succulentsandcactus,Nov 2017,14K,99.3,2965,"Garden Grove, California, United States",4.9,5.0,4.9,4.8,Seller's other items,59,14,6,1,0,58,7,0.1206896551724138,0,4,succulentsandcactus,60.0,15.99,14.99,25.24,,1.0,0.0,0.0,0.0,0.0,0.3,0.3,0.0,0.0,15.99,0.3,0.15,0.0,0.05,0.016666666666666666,0.31666666666666665,0.08333333333333333,0.11666666666666667,0.03333333333333333,0.13333333333333333,0.3333333333333333,0.0,0.2,71.5,14K,1.1K,False,"1,000+",94104,"1,000+"
tinyturtlestropicals,4664,100.0,Oct-22-25,United States,tinyturtlestropicals,8,1,3,11,0,0,0,0,0,0,{},False,11,5,Average for the last 12 months |  | This information will be available when this member receives at least 10 detailed seller ratings.,6,5,0,0,0,0,5,6,0,4,11,5,Tiny Turtles Tropicals,Oct 2025,30,100.0,11,"Dupont, Washington, United States",,,,,"Usually responds within 24 hours Established, licensed, Nursery with Boutique-level customer service. I am a true enthusiast and passionate grower with extensive education. I obtained my degrees in Ar",3,1,3,1,0,3,1,0.3333333333333333,1,2,,,,,,,,,,,,,,,,,,,,,,,,,,,,,,,,,,,,
riversidegreenhouses,3274,100.0,Mar-17-26,United States,riversidegreenhouses,4,0,5,5,0,0,0,0,0,0,{},False,5,3,Average for the last 12 months |  | This information will be available when this member receives at least 10 detailed seller ratings.,2,2,0,0,0,0,0,2,1,0,5,3,riversidegreenhouses,Mar 2026,8,100.0,5,"Riverside, California, United States",,,,,Seller's other items,29,22,7,1,0,29,1,0.034482758620689655,1,7,"131 results (from SCRATCH/mine.json, 240/page capture)",131.0,20.25,16.99,25.99,9.99,0.0,0.007633587786259542,0.5114503816793893,0.0,0.0,0.0,0.0,0.0,0.0,29.83,0.9923664122137404,0.0916030534351145,0.0,0.0,0.0,0.9465648854961832,0.08396946564885496,0.9770992366412213,0.46564885496183206,0.5114503816793893,0.0,0.0,0.007633587786259542,53.0,8,1,False,,,131
