query,N_org,n_allwords_organic,owner_best_organic_rank,owner_rank_among_allwords,owner_pct
texas ebony plant,5,1,3,,0.6
calathea setosa,105,2,1,1.0,0.009523809523809525
hoya cummingiana,105,6,1,1.0,0.009523809523809525
syngonium mojito,16,10,7,6.0,0.4375
syngonium chiapense,104,13,12,12.0,0.11538461538461539
syngonium pink splash,104,15,28,11.0,0.2692307692307692
monstera siltepecana,50,18,14,11.0,0.28
hoya australis lisa,105,19,18,17.0,0.17142857142857143
peperomia hope,44,22,11,10.0,0.25
hoya carnosa compacta,55,22,1,1.0,0.01818181818181818
raven zz plant,38,25,21,,0.5526315789473685
calathea rattlesnake,42,28,5,5.0,0.11904761904761904
hoya sunrise,51,34,6,5.0,0.11764705882352941
rhaphidophora tetrasperma,49,46,13,13.0,0.2653061224489796
cebu blue pothos,70,55,38,35.0,0.5428571428571428
satin pothos,102,56,29,22.0,0.28431372549019607
pilea peperomioides,105,58,35,34.0,0.3333333333333333
philodendron brasil,105,69,33,29.0,0.3142857142857143
hoya kerrii,107,75,81,72.0,0.7570093457943925
philodendron micans,98,77,36,36.0,0.3673469387755102
philodendron pink princess,105,89,77,66.0,0.7333333333333333
