query,rank,N,place,pred_place,resid,allwords,logfb,lrt,bo_i,just_listed_i
calathea rattlesnake,7,53,0.8846153846153846,0.6196375000420752,0.2649778845733094,True,0.6989700043360189,-0.3479298512659702,0.0,0.0
calathea setosa,1,119,1.0,0.8542309041915029,0.14576909580849706,True,0.6989700043360189,-0.26888644373596976,0.0,0.0
cebu blue pothos,52,85,0.3928571428571429,0.6317555464704057,-0.23889840361326276,True,0.6989700043360189,0.0,0.0,0.0
hoya australis lisa,27,120,0.7815126050420168,0.7757764714934182,0.005736133548598588,True,0.6989700043360189,-0.4978138976925153,0.0,0.0
hoya carnosa compacta,5,69,0.9411764705882353,0.6735188946789681,0.2676575759092672,True,0.6989700043360189,-0.39025629818573154,0.0,0.0
hoya cummingiana,5,120,0.9663865546218487,0.6930430514720254,0.27334350314982336,True,0.6989700043360189,-0.04549002703216867,1.0,0.0
hoya kerrii,88,120,0.26890756302521013,0.6515926933871552,-0.38268513036194507,True,0.6989700043360189,-0.3220234859661908,0.0,0.0
hoya kerrii,95,120,0.2100840336134454,0.540511981196043,-0.33042794758259764,True,0.6989700043360189,-0.21883924973095994,1.0,0.0
monstera peru,33,56,0.4181818181818182,0.6249083688154686,-0.20672655063365042,True,0.6989700043360189,-0.4780358009429998,0.0,0.0
monstera peru,36,56,0.36363636363636365,0.6239945089008231,-0.26035814526445944,True,0.6989700043360189,-0.4582251672096446,0.0,0.0
monstera peru,43,56,0.23636363636363633,0.5321244908481042,-0.29576085448446787,True,0.6989700043360189,-0.2807860733804191,1.0,0.0
monstera siltepecana,21,63,0.6774193548387097,0.7766234437769899,-0.09920408893828014,True,0.6989700043360189,-0.23916361049839363,0.0,0.0
peperomia hope,17,57,0.7142857142857143,0.6781523391746753,0.03613337511103898,True,0.6989700043360189,-0.15283920422944766,0.0,0.0
peperomia hope,23,57,0.6071428571428572,0.5700914558690852,0.037051401273772044,True,0.6989700043360189,0.44568563330670263,1.0,0.0
philodendron brasil,49,120,0.5966386554621849,0.6218678341040826,-0.025229178641897776,True,0.6989700043360189,0.20261853258816512,0.0,0.0
philodendron micans,48,111,0.5727272727272728,0.64907358452305,-0.07634631179577722,True,0.6989700043360189,-0.35473660007085056,0.0,0.0
philodendron pink princess,94,120,0.2184873949579832,0.4988746271809923,-0.2803872322230091,True,0.6989700043360189,0.30503123837965324,1.0,0.0
pilea peperomioides,48,120,0.6050420168067228,0.6356182252055378,-0.03057620839881503,True,0.6989700043360189,0.1481301920456752,0.0,0.0
raven zz plant,27,46,0.4222222222222223,0.30410059833148523,0.11812162389073705,False,0.6989700043360189,0.14615786691728405,1.0,0.0
rhaphidophora tetrasperma,21,63,0.6774193548387097,0.6332759866925946,0.04414336814611519,True,0.6989700043360189,-0.7047559344764814,0.0,0.0
rhaphidophora tetrasperma,28,63,0.564516129032258,0.6158594016905705,-0.05134327265831251,True,0.6989700043360189,-0.32719961448539353,0.0,0.0
sansevieria moonshine,18,92,0.8131868131868132,0.6643998380764417,0.14878697511037153,True,0.6989700043360189,-0.44100760164223807,0.0,0.0
satin pothos,43,116,0.6347826086956522,0.6459884118970638,-0.011205803201411624,True,0.6989700043360189,-0.11639202138284996,0.0,0.0
satin pothos,54,116,0.5391304347826087,0.6459884118970638,-0.1068579771144551,True,0.6989700043360189,-0.11639202138284996,0.0,0.0
syngonium chiapense,20,120,0.8403361344537815,0.7768564688777891,0.06347966557599238,True,0.6989700043360189,-0.1743533871447779,0.0,0.0
syngonium chiapense,97,120,0.19327731092436973,0.4980612445896943,-0.3047839336653246,False,0.6989700043360189,-0.1743533871447779,0.0,0.0
syngonium mojito,10,21,0.55,0.6616760032013276,-0.11167600320132753,True,0.6989700043360189,-0.20424432473766324,0.0,0.0
texas ebony plant,6,8,0.2857142857142857,0.4147811065665816,-0.12906682085229593,False,0.6989700043360189,0.7367807528691068,1.0,0.0
watermelon peperomia,3,39,0.9473684210526316,0.560042330218597,0.3873260908340347,True,0.6989700043360189,-0.4146605752012647,0.0,0.0
