query,ebay_results_header,owner_listing_id,owner_title,owner_displayed_rank,owner_organic_rank_inferred,owner_in_ad_slot_position,owner_title_has_all_query_words,owner_photos,owner_sold,owner_watchers,owner_free_shipping,owner_ship_cost,owner_price,owner_handling_days,owner_listing_age_days,organic1_rank,organic1_listing_id,organic1_seller,organic1_format,organic1_title,organic1_photos,organic1_sold,organic1_watchers,organic1_free_shipping,organic1_price,organic1_ship_cost,organic1_handling_days,organic1_listing_age_days,organic1_desc_chars,organic1_n_specifics,organic1_has_video,organic2_rank,organic2_listing_id,organic2_seller,organic2_format,organic2_title,organic2_photos,organic2_sold,organic2_watchers,organic2_free_shipping,organic2_price,organic2_ship_cost,organic2_handling_days,organic2_listing_age_days,organic2_desc_chars,organic2_n_specifics,organic2_has_video,organic3_rank,organic3_listing_id,organic3_seller,organic3_format,organic3_title,organic3_photos,organic3_sold,organic3_watchers,organic3_free_shipping,organic3_price,organic3_ship_cost,organic3_handling_days,organic3_listing_age_days,organic3_desc_chars,organic3_n_specifics,organic3_has_video,ad_slot_sellers_in_top4,gaps_vs_organic_top3
calathea rattlesnake,53,168578976268,Calathea Rattlesnake 4 in Live Houseplant | Lancifolia Prayer Plant,7,4,0,1,2,0,0,0,6.99,17.99,2,64,1,134424858998,Hope's Exotic Gardens,rooted pot,Rattlesnake Houseplant - Calathea lancifolia Insignis - Live 'STARTER' Plant,11,10,35,1,21.99,0.0,5,1348,5016,5,0,5,287356233791,myplantsllc,rooted pot,"Calathea Rattlesnake - 4"" from MyPlants",4,0,2,0,12.99,3.99,3,130,690,7,0,6,306918807206,mor-329450,bundle,Calathea Lancifolia Rattlesnake Plant Live Indoor Tropical Houseplant (3 Pack),3,1,0,1,32.0,0.0,7,152,2388,23,0,#2 BubbleBlooms; #3 BubbleBlooms,sold>0 (2/3); watchers>=1 (2/3); free shipping (2/3); title >=70 chars (2/3); desc >=1000 chars (2/3); desc care info (2/3); desc live-arrival/DOA (2/3); desc packing/shipping (3/3)
calathea setosa,119,168578976239,Calathea Setosa Grey Star 4 in Live Houseplant | Prayer Plant,1,1,0,1,2,1,3,0,6.99,18.99,2,64,5,398444920471,amanda2.0,rooted pot,Calathea Pinstripe Potted Indoor Houseplant Variegated Green/Purple 3.5 In Pot,4,0,0,0,16.49,11.3,3,5,78,26,0,6,336767136897,plants-zen,rooted pot,"Calathea Ornata Plant Live - Size: 4""",1,0,2,1,21.99,0.0,1,36,190,4,0,7,314667161553,BubbleBlooms,rooted pot,"Calathea Musaica, 4 inch Calathea Network Prayer Plant, Very Rare",8,11,16,1,24.99,0.0,1,1198,2318,5,0,#2 BubbleBlooms; #3 BubbleBlooms; #4 Leal Plants Ecuador,free shipping (2/3); handling<=1d (2/3); desc packing/shipping (2/3); revised <=30d (2/3); fresh (listed/revised <=30d) (2/3)
cebu blue pothos,85,168578976247,Cebu Blue Pothos 3 in Live Houseplant | Epipremnum Pinnatum,52,38,0,1,2,0,0,0,6.99,15.99,2,64,5,257703917139,abdullahalazam,bundle,"10 Plant Cuttings Bundle, Pothos Monstera Variety, Cebu Baltic Blue, Neon, Mican",11,21,42,1,25.99,0.0,3,39,1633,21,0,6,257757509874,abdullahalazam,bundle,"8 Plant Cuttings Bundle, Pothos Monstera Variety: Marble Satin Neon Global Cebu",9,0,7,1,24.99,0.0,3,12,969,17,0,7,287617302083,plants_42,rooted pot,6 Cebu Blue Pothos (Epipremnum pinnatum 'Cebu Blue' Plus Extra Species,1,0,0,1,13.04,0.0,3,4,117,22,0,#1 Snakeroot Botanicals; #2 PikaPlants; #3 abdullahalazam,>=5 photos (2/3); watchers>=1 (2/3); free shipping (3/3); title >=70 chars (3/3); desc care info (2/3); fresh (listed/revised <=30d) (3/3)
christmas cactus,1000,168578976275,Christmas Cactus 4 in Live Flowering Cactus | Surprise Color,,,,1,3,0,0,0,6.99,17.99,2,64,1,257658906611,rwwsr,bundle,"2"" Growers Choice Christmas/Thanksgiving Cactus - 3 plants - All Different",11,24,14,1,19.99,0.0,1,62,2487,25,0,5,257448600683,rwwsr,bundle,Thanksgiving/Christmas cactus cuttings assortment 12 different unique varieties,13,44,48,1,19.99,0.0,1,179,2416,21,1,6,257549939889,rwwsr,bundle,Christmas/Thanksgiving Cactus Assortment - 5 Starter Size Plants - All Different,11,33,19,1,19.99,0.0,1,120,2369,25,0,#2 baldmtgardens; #3 ahvnllc,>=5 photos (3/3); sold>0 (3/3); watchers>=1 (3/3); in a cart (3/3); free shipping (3/3); handling<=1d (3/3); title >=70 chars (3/3); desc >=1000 chars (3/3); desc care info (3/3); desc packing/shipping (3/3)
hoya australis lisa,150,168578976231,Hoya Australis Lisa 4 in Live Houseplant | Variegated Hoya,27,20,0,1,2,0,0,0,6.99,16.99,2,64,1,158236107860,irvin-sophi,rooted pot,hoya australis lisa Veragated Plant,5,2,3,0,16.0,9.0,2,36,38,14,0,5,188809280746,CTS Air Plants,rooted pot,"Hoya Australis Lisa, 4"" Pot",4,1,6,0,14.95,6.95,2,47,456,17,0,6,158236859830,irvin-sophi,rooted pot,hoya australis lisa,6,1,3,0,16.0,9.0,2,36,31,14,0,#2 BubbleBlooms; #3 BubbleBlooms,>=5 photos (2/3); sold>0 (3/3); watchers>=1 (3/3); in a cart (2/3); revised <=30d (3/3); fresh (listed/revised <=30d) (3/3)
hoya carnosa compacta,69,168578976224,Hoya Hindu Rope Variegated 2 in Live Houseplant | Hoya Carnosa Compacta,5,1,0,1,2,3,10,0,6.99,13.99,2,64,6,405328224010,air_flora,rooted pot,8” Hoya Rope - Hoya Compacta - Hindu Rope - Hoya Carnosa,7,21,81,0,40.99,26.86,3,698,1313,5,0,7,257706851712,abdullahalazam,rooted pot,"Hoya Hindu Rope 2"" Pot, Hoya Carnosa Compacta Wax Plant,Curly Rare Houseplant",5,1,9,1,19.99,0.0,3,38,1184,15,1,8,336792340997,Vicky's Unique Boutique,bare root,#7869 HOYA CARNOSA COMPACTA KRINKLE KURL HINDU ROPE BARE ROOT PLANT FIVE+ INCHES,8,1,1,1,20.0,0.0,1,21,688,17,0,#1 Snakeroot Botanicals; #2 deporr-91; #3 BubbleBlooms,>=5 photos (3/3); free shipping (2/3); desc >=1000 chars (2/3); desc care info (3/3); desc packing/shipping (2/3)
hoya cummingiana,1200,168284607684,Hoya Cummingiana - Live Houseplant - 6-inch Pot,5,2,0,1,1,0,1,0,9.99,30.19,3,184,1,188667828310,haileyshoya,rooted pot,HOYA CUMMINGIANA ALBOMARGINATA IN 4.5”POT / WELL ROOTED/SHIP IN NURSERY POT,3,0,2,0,52.0,6.99,3,76,2139,8,0,6,287531352171,Happily Planted Nursery,rooted pot,"Hoya Cummingiana - 4"" Pot Live Plant - Free Shipping",9,0,0,1,36.99,0.0,1,48,2807,9,0,7,287372912796,Happily Planted Nursery,rooted pot,"Hoya Cummingiana Albo - Exact Plant - 4"" Pot Live Plant - Free Shipping",8,0,3,1,69.99,0.0,1,122,2792,9,1,#2 381972kevin; #3 381972kevin,>=5 photos (2/3); free shipping (2/3); handling<=1d (2/3); title >=70 chars (2/3); Genus specific (3/3); Common Name specific (3/3); desc >=1000 chars (3/3)
hoya kerrii,643,168578976223,Hoya Kerrii 4 in Variegated 1 Heart Leaf Live Succulent Heart Plant Easy Care,88,77,0,1,4,0,0,0,6.99,21.99,2,64,1,366036303830,abznursery,rooted pot,Hoya Kerrii Green - Sweetheart plant- Valentine Plant- Rare Love Gift,2,3,31,0,19.99,13.99,3,305,1489,18,0,5,314755343481,Malibu Tropical,rooted pot,"Hoya Hindu Rope live plant 4"" pot - 1 stem 6"" to 8"" long",2,84,134,0,24.99,6.0,1,1155,600,26,0,6,314829681403,Malibu Tropical,bare root,Hoya Kerrii Reverse Variegated bare roots - Heart shape leaves - CA Seller,8,53,90,0,35.0,6.0,1,1116,1585,26,0,#2 abznursery; #3 abznursery,sold>0 (3/3); watchers>=1 (3/3); in a cart (3/3); handling<=1d (2/3); desc >=1000 chars (2/3)
monstera peru,56,168578976251,Monstera Peru 3 in Live Houseplant | Monstera Karstenianum,33,22,0,1,2,0,0,0,6.99,17.5,2,64,1,287442315251,leafandlilt,rooted pot,Monstera Obliqua Peru,8,2,9,1,35.0,0.0,1,90,2413,3,0,5,318935621465,Wild Eartha,rooted pot,#88 Variegated Monstera Karstenianum Peru Plant Aroid 4” Pot Philodendron,4,0,14,0,10.0,15.0,10,4,582,7,0,6,206082611309,TheDealsAreRightHere,cuttings,Monstera Obliqua Peru And Or Combo Esqueleto Nodes *Unrooted* Node Cuttings (3),6,4,8,0,15.99,7.87,3,226,547,14,0,#2 Back To Basics Greenhouse; #3 GreenVue,>=5 photos (2/3); sold>0 (2/3); watchers>=1 (3/3); in a cart (2/3); title >=70 chars (2/3); desc packing/shipping (2/3)
monstera siltepecana,63,168578976222,Monstera Siltepecana 4 in Live Houseplant | Silver Monstera,21,14,0,1,2,0,0,0,6.99,21.99,2,64,1,168628479446,baysidenursery02,rooted pot,Monstera Legacy,4,2,20,0,41.0,10.49,5,45,773,6,0,5,257567497189,abdullahalazam,rooted pot,Monstera Siltepecana El Salvador Silver Leaf Climbing Plant Exotic Indoor Vine,5,1,2,1,29.99,0.0,3,111,1803,18,1,6,257776760256,posdoctor,rooted pot,Aroid tropical houseplant Monstera Siltepecana,2,0,3,0,4.0,10.88,,2,1419,6,0,#2 maiksylvia; #3 KS Plants,sold>0 (2/3); watchers>=1 (3/3); desc >=1000 chars (2/3); desc care info (2/3); desc packing/shipping (2/3)
peperomia hope,57,168578976263,Peperomia Hope 4 in Live Houseplant | Trailing Peperomia,17,10,0,1,2,0,0,0,6.99,16.99,2,64,1,287556713484,Happily Planted Nursery,rooted pot,"Peperomia Hope - 4"" Pot - Free Shipping",5,1,2,1,24.99,0.0,1,34,2849,9,1,5,395446273871,NNPLANT,cuttings,15 Cuttings Peperomia Hope Succlent Hanging Foliage 6inches Long Live Plant,1,15,50,0,4.99,6.99,10,853,1398,5,0,6,137687408036,krifian_0,cuttings,Peperomia Hope Collector Plant – Rooted Cutting – Rare Trailing Peperomia,4,0,1,0,18.0,5.68,2,33,1123,15,0,#2 BubbleBlooms; #3 BubbleBlooms,sold>0 (2/3); watchers>=1 (3/3); title >=70 chars (2/3); desc >=1000 chars (3/3); desc live-arrival/DOA (2/3); desc packing/shipping (3/3)
philodendron brasil,169,168578976257,Philodendron Brasil 6 in Live Houseplant | Variegated Heartleaf Philodendron,49,36,0,1,2,0,0,0,6.99,18.99,2,64,1,185632530752,succulentsandcactus,cuttings,3 Cuttings Brazil Philodendron Brasil Heart,3,7,3,1,14.99,0.0,3,1439,44,5,0,5,198644566387,Vintage Life 365,cuttings,Philodendron Brasil Fresh 3 Unrooted Cuttings Live House Plant! 2 Nodes Per Cut,3,0,2,0,7.65,6.07,3,18,278,14,0,6,185632525804,succulentsandcactus,cuttings,"3 Cuttings Philodendron ‘Brasil’ Brazil Pothos, Sweetheart 3-5 Nodes Unrooted",3,19,12,1,14.99,0.0,3,1439,599,23,0,#2 zonetenplants1; #3 succulentsandcactus,sold>0 (2/3); watchers>=1 (3/3); free shipping (2/3); revised <=30d (2/3); fresh (listed/revised <=30d) (3/3)
philodendron micans,111,168578976248,Philodendron Micans 4 in Live Houseplant | Velvet Leaf Philodendron,48,35,0,1,2,0,2,0,6.99,15.99,2,64,1,860002641382,Tiny Turtles Tropicals,bundle,"Pink Variegated Philodendron Bundle: Red Medusa, Micans, Hoya EXACT",4,0,1,1,64.35,0.0,4,1,614,12,0,5,326747809068,czgrainllc,rooted pot,Philodendron Micans Live Plant in 2 Inch Pot,5,1,26,1,14.9,0.0,1,403,403,9,0,6,860002732750,Tiny Turtles Tropicals,rooted pot,Philodendron Micans Variegated: mother plant entire pot 2 years established,1,0,1,1,116.35,0.0,4,1,661,12,0,#2 Tiny Turtles Tropicals; #3 Moss and Market Co,free shipping (3/3); desc care info (2/3); desc packing/shipping (2/3); revised <=30d (3/3); fresh (listed/revised <=30d) (3/3)
philodendron pink princess,164,168284607710,Philodendron Pink Princess - Live Houseplant - 4-inch Pot,94,81,0,1,1,0,0,0,9.99,53.19,3,184,1,307212273185,hanwin-2412,bare root,Pink Princess Marble Galaxy Philodendron- HIGH VARIEGATION EXACT PLANT! 🩷,5,0,0,0,30.0,10.11,2,1,265,6,0,5,307212262520,hanwin-2412,bare root,Pink Princess Philodendron- EXACT PLANT!,5,0,1,0,22.0,10.11,2,1,199,6,0,6,307212272357,hanwin-2412,bare root,Pink Princess Philodendron- EXACT PLANT!,5,0,0,0,20.0,10.11,2,1,181,5,0,#2 BubbleBlooms; #3 BubbleBlooms,>=5 photos (3/3); Genus specific (3/3); fresh (listed/revised <=30d) (3/3)
pilea peperomioides,164,168578976235,Chinese Money Plant 4 in Live Houseplant | Pilea Peperomioides,48,35,0,1,5,0,0,0,6.99,21.99,2,64,1,406898188504,dealcrossing,rooted pot,"2"" Pot Live Chinese Money Plant Pilea peperomioides Indoor House Plants",3,32,79,1,12.95,0.0,1,155,569,10,0,5,314779024469,joyfulblooms,rooted pot,Pilea Peperomioides Chinese Money Plant Live Evergreen Perennial Houseplant,7,26,75,0,23.99,5.99,3,1143,1308,22,0,6,307047954551,primo_deals,rooted pot,Rooted Starter Rare Plant Variegated Pilea Peperomioides White Splash Houseplant,4,0,4,0,35.0,6.47,4,89,317,6,0,#2 NYGardenia; #3 lensgardenusa,sold>0 (2/3); watchers>=1 (3/3); in a cart (2/3); title >=70 chars (3/3)
raven zz plant,46,168284607742,Rare Black Raven ZZ - Live Houseplant - 4-inch Pot,27,20,0,1,1,0,0,0,9.99,31.34,3,184,1,398117223936,eden-elements,rooted pot,ZZ Plant - Black Raven - Zamioculcas Zamiifolia ( ZZ Black),4,23,51,1,18.5,0.0,,98,3573,13,0,5,178548468275,rider13pr,rooted pot,Variegated Zamioculcas Zamifolia ZZ Plant not Raven Monstera Philodendron #4,8,0,2,0,38.5,15.95,3,2,3485,11,0,6,178549218395,rider13pr,rooted pot,Variegated Zamioculcas Zamifolia ZZ Plant not Raven Monstera Philodendron #1,8,0,0,0,22.5,9.95,3,2,3359,11,0,#2 danniialocasia410; #3 myshop_50,>=5 photos (2/3); watchers>=1 (2/3); title species/latin (3/3); title >=70 chars (2/3); Genus specific (3/3); Common Name specific (3/3); desc >=1000 chars (3/3); revised <=30d (2/3); fresh (listed/revised <=30d) (3/3)
rhaphidophora tetrasperma,63,168578976210,Mini Monstera 4 in Live Houseplant | Rhaphidophora Tetrasperma,21,14,0,1,2,0,2,0,6.99,16.99,2,64,1,226222584395,Back To Basics Greenhouse,cuttings,Variegated Rhaphidophora Tetrasperma Rooted Plants and Cuttings Albo Mini Monst,20,12,56,0,35.0,5.0,3,824,2535,13,0,5,257778955411,th_ploy23,bare root,Mini Monstera (Rhaphidophora tetrasperma) Live Indoor bare root shipping,5,0,1,1,39.99,0.0,2,1,29,25,0,6,407263240740,thehippieplantshop,rooted pot,Variegated Rhaphidophora Tetrasperma. Exact Plant shown in picture,5,0,0,0,50.0,12.0,5,1,302,4,0,#2 Butterfly Garden Seeds; #3 Quinta dos Ouriques,>=5 photos (3/3); title >=70 chars (2/3); desc packing/shipping (2/3); fresh (listed/revised <=30d) (3/3)
sansevieria moonshine,92,168578976215,Sansevieria Moonshine 6 in Live Houseplant | Silver Snake Plant,18,11,0,1,2,0,0,0,6.99,18.99,2,64,1,189015033875,pamz5432,rooted pot,Sansevieria Trifasciata ‘Silver Queen’. Not ‘Moonshine’. Silver leaves.,4,0,1,0,40.0,18.2,3,4,927,13,0,5,407260461610,judjik0,rooted pot,Sansevieria Moonshine Splash Rare Uniqe Snake Plant,4,0,0,0,75.0,35.0,20,2,3335,9,0,6,117433547833,giorgios1972,rooted pot,Sansevieria trifasciata 'Moonshine' Rare succulent 4''pot,4,0,0,0,13.99,6.8,3,7,2544,7,0,#2 BubbleBlooms; #3 abdullahalazam,title species/latin (2/3); desc >=1000 chars (2/3); desc live-arrival/DOA (2/3); desc packing/shipping (3/3); fresh (listed/revised <=30d) (3/3)
satin pothos,116,168578976270,Satin Pothos 4 in Live Houseplant | Scindapsus Pictus,43,30,0,1,2,0,0,0,6.99,16.99,2,64,1,257757509874,abdullahalazam,bundle,"8 Plant Cuttings Bundle, Pothos Monstera Variety: Marble Satin Neon Global Cebu",9,0,7,1,24.99,0.0,3,12,969,17,0,5,285198559813,maiksylvia,cuttings,Silver Satin Pothos 3 node fresh CUTTING - Scindapsus Pictus Plant Houseplant,2,164,268,1,12.99,0.0,1,1292,604,10,0,6,147585154107,littlegg,cuttings,"Two (2) Satin Pothos, Silver Philodendron Rooted Cuttings",4,0,2,0,2.0,5.5,2,15,336,18,0,#2 PikaPlants; #3 abdullahalazam,watchers>=1 (3/3); in a cart (2/3); free shipping (2/3); title >=70 chars (2/3); fresh (listed/revised <=30d) (2/3)
syngonium chiapense,208,168578976217,Syngonium Chiapense 4 in Live Houseplant | Rare Arrowhead Plant,20,12,0,1,2,0,1,0,6.99,21.99,2,64,5,860004752191,the_sentient_garden,rooted pot,"Syngonium Chiapense Albo Variegated Plant In 3.5"" Pot.",8,0,0,1,40.0,0.0,3,1,1263,23,0,6,307138306955,buyplants2013,rooted pot,syngonium chiapense fully rooted potted plants huge plants,5,2,2,0,29.99,15.8,3,44,568,14,0,7,318792385728,the_sentient_garden,rooted pot,"Syngonium Chiapense Albo Variegated Plant In 3.5"" Pot.",5,0,2,1,47.0,0.0,3,37,1263,23,0,#1 famplants; #2 Back To Basics Greenhouse; #3 Back To Basics Greenhouse,>=5 photos (3/3); free shipping (2/3); desc >=1000 chars (2/3); desc packing/shipping (2/3); fresh (listed/revised <=30d) (2/3)
syngonium mojito,21,168578976211,Syngonium Mojito 4 in Live Houseplant | Rare Variegated Arrowhead Plant,10,7,0,1,2,0,0,0,6.99,23.99,2,64,1,178425562170,anniestore2010,rooted pot,"Syngonium Mojito Live Plant In 4"" Pot~Arrowhead Plant Well Rooted",1,1,11,0,10.99,10.0,1,45,537,25,0,5,158155390107,Canopy Gems,rooted pot,"Syngonium Mojito Variegated 2.5"" pot, Fedex 2day*",6,0,1,0,21.0,17.0,4,60,1422,4,0,6,117290531675,Your Plant Haven,rooted pot,Syngonium Mojito,4,0,2,0,20.0,12.0,3,88,804,5,0,#2 Plantasha_Creatives; #3 AR Trendz,watchers>=1 (3/3); desc live-arrival/DOA (2/3); desc packing/shipping (2/3); revised <=30d (2/3); fresh (listed/revised <=30d) (2/3)
texas ebony plant,8,168284607758,Texas Ebony - Live Houseplant - 4-inch Pot,6,3,0,1,1,2,2,0,9.99,24.44,3,184,1,155300931749,Exotic Cactus Collection,seeds,Ebenopsis ebano Texas ebony rare bonsai tree succulent plant seed pack 10 seeds,1,3,12,1,12.99,0.0,1,1395,235,11,0,5,960005529982,strawberrymilkat3am,rooted pot,Rare Texas Ebony Bonsai Dynamic Foliage Fragrant Fruiting Cold Hardy Edible,7,0,3,0,299.99,24.33,,1,1141,8,0,7,158310653546,arizonacacti,seeds,"TEXAS EBONY TREE - 35 SEEDS - EBENOPSIS EBANO DESERT BONSAI, Easy to grow...",6,0,1,0,9.99,7.9,3,15,1777,10,0,#2 nicfur68; #3 OldPhotosOnline,>=5 photos (2/3); title species/latin (2/3); title >=70 chars (3/3); desc >=1000 chars (2/3); fresh (listed/revised <=30d) (2/3)
watermelon peperomia,39,168578976274,Watermelon Peperomia (Stilt) 4 in Live Houseplant | Peperomia Argyreia,3,,1,1,2,0,0,0,6.99,18.99,2,64,1,188238774347,CTS Air Plants,rooted pot,Peperomia Watermelon Live Potted Houseplant,4,5,15,0,15.95,6.95,2,184,457,19,0,5,406891647649,galactic.g_35,rooted pot,"Peperomia Watermelon Plant in 4"" Pot - Peperomia Argyreia - Striped Peperomia",5,2,8,0,20.99,5.99,5,158,104,4,0,6,277475896829,daniemorloc8,bare root,"Watermelon COSTA RICA Peperomia Live Starter Plant for Planting 4-6""Tall, No Pot",7,1,6,0,15.99,13.48,5,338,1495,11,0,#2 BubbleBlooms; #4 BubbleBlooms,>=5 photos (2/3); sold>0 (3/3); watchers>=1 (3/3); in a cart (3/3); desc care info (2/3); revised <=30d (2/3); fresh (listed/revised <=30d) (2/3)
