query,rank_s1,seller,fb,pos,title,delivered,rel_total,watchers_card,sold_card,just_listed_s1,in_s2,rank_s2,promoted_s2,organic_rank_s2,age_days,sold_item,watchers_item,photos,state
calathea setosa,1,riversidegreenhouses,4,100.0,Calathea Setosa Grey Star 4 in Live Houseplant | Prayer Plant,25.979999999999997,0.76,0,0,False,True,1.0,False,1.0,64,1,3,2,CA
cebu blue pothos,1,snakerootbotanicals,57,98.3,Epipremnum pinnatum 'Cebu Blue Pothos',24.78,1.08,0,0,False,False,,,,81,0,1,4,Indiana
christmas cactus,3,ahvnllc,8,100.0,"Purple Christmas Cactus Plant Live, Holiday Cactus, 4-8 Inch Tall",31.979999999999997,1.31,7,0,False,True,3.0,True,,15,1,7,9,FL
hoya carnosa compacta,1,snakerootbotanicals,57,98.3,Hoya carnosa compacta ‘Hindu Rope Plant’,22.59,0.73,0,0,False,True,1.0,True,,81,6,14,6,Indiana
hoya carnosa compacta,2,deporr-91,26,100.0,Live Plant Hoya Carnosa Compacta Krimson Princess Tricolor Hoya Varieg,52.96,1.71,0,0,False,True,3.0,True,,7,0,0,6,Connecticut
hoya cummingiana,1,haileyshoya,235,100.0,HOYA CUMMINGIANA ALBOMARGINATA IN 4.5”POT / WELL ROOTED/SHIP IN NURSER,58.99,1.4,0,0,False,False,,,,76,0,2,3,Florida
hoya kerrii,1,abznursery,37,96.7,Hoya Kerrii Green - Sweetheart plant- Valentine Plant- Rare Love Gift,33.98,0.85,31,0,False,True,1.0,False,1.0,305,3,31,2,Texas
hoya kerrii,2,abznursery,37,96.7,Hoya Kerrii Sweetheart Inner Variegate US seller exact picture Valenti,88.97999999999999,2.23,44,0,False,True,29.0,True,,417,9,44,7,Texas
hoya kerrii,3,abznursery,37,96.7,Buy one pot get two types of Hoya Kerrii inner varigated and Hoya Kerr,53.980000000000004,1.35,19,0,False,True,4.0,True,,396,2,19,5,Texas
monstera peru,1,leafandlilt,187,100.0,Monstera Obliqua Peru,35.0,0.89,0,0,False,False,,,,90,2,9,8,Florida
monstera siltepecana,1,baysidenursery02,253,99.3,Monstera Legacy,51.49,1.4,20,0,False,False,,,,45,2,20,4,California
monstera siltepecana,3,ks_plants,68,100.0,Monstera 'Siltepecana' | Live Plant for Indoor & Outdoor,50.790000000000006,1.38,0,0,False,True,4.0,True,,269,0,3,9,Florida
peperomia hope,1,happilyplanted,230,100.0,"Peperomia Hope - 4"" Pot - Free Shipping",24.99,0.89,2,0,False,True,1.0,False,1.0,34,1,2,5,Florida
philodendron brasil,2,zonetenplants1,23,100.0,Philodendron Brasil Live Potted Tropical Broadleaf Climbing Green Yell,23.34,1.1,0,0,False,True,2.0,True,,5,0,1,3,Florida
philodendron micans,1,tinyturtlestropicals,8,100.0,"Pink Variegated Philodendron Bundle: Red Medusa, Micans, Hoya EXACT",64.35,1.96,0,0,False,True,1.0,False,1.0,1,0,1,4,Washington
philodendron micans,2,tinyturtlestropicals,8,100.0,Pink Variegated Type 1 Gloriosum Albo Philodendron: NOT a Galaxy,204.35,6.24,0,0,False,True,2.0,True,,1,0,1,2,Washington
philodendron pink princess,1,hanwin-2412,60,100.0,Pink Princess Marble Galaxy Philodendron- HIGH VARIEGATION EXACT PLANT,40.11,0.86,0,0,True,True,1.0,False,1.0,1,0,0,5,New Hampshire
raven zz plant,1,eden-elements,250,98.1,ZZ Plant - Black Raven - Zamioculcas Zamiifolia ( ZZ Black),18.5,0.52,0,23,False,True,1.0,False,1.0,98,23,51,4,Georgia
raven zz plant,2,danniialocasia410,28,100.0,Zamioculcas Zamiifolia Raven Black&Pink Variegated Starter Plant,332.05,9.3,3,0,False,True,3.0,True,,56,0,3,4,Maryland
raven zz plant,3,myshop_50,10,100.0,Zamioculcas Raven ZZ Plant | Potted Broadleaf | Green & Black Foliage,23.58,0.66,5,0,False,True,2.0,True,,196,5,5,4,Georgia
syngonium mojito,3,ar_trendz,276,100.0,Syngonium Mojito Mottled Variegated Arrowhead Live Plant 4in Pot Roote,42.99,1.13,0,0,False,True,3.0,True,,12,0,0,6,Florida
texas ebony plant,2,nicfur68,7,100.0,TEXAS EBONY TREE - 20 SEEDS - EBENOPSIS EBANO DESERT BONSAI,15.0,0.91,4,0,False,True,2.0,True,,327,1,4,7,Arizona
watermelon peperomia,3,riversidegreenhouses,4,100.0,Watermelon Peperomia (Stilt) 4 in Live Houseplant | Peperomia Argyreia,25.979999999999997,0.66,0,0,False,False,,,,64,0,0,2,CA
