listing_id,template,current_title,current_chars,proposed_title,proposed_chars,unsupported_words,market_query_used_for_phrasing,basis_and_caveats
168284607654,old,Freddy - Live Houseplant - 6-inch Pot,37,Hoya Freddy 6 inch Pot Live Plant | Waxy Leaves Aromatic Flowers Wax Plant,74,,hoya carnosa compacta,"desc: ""Freddy is a stunning Hoya variety known for its waxy leaves and aromatic flowers"""
168284607698,old,Moonshine - Live Houseplant - Standard Pot,42,Hoya Carnosa Moonshine Live Plant | Silver Foliage Trailing Wax Plant,69,,hoya carnosa compacta,"desc: ""The Moonshine Hoya ... trailing plant with striking silver foliage""; sci name Hoya Carnosa. Pot size must be added (""Standard Pot"" in current title). NOT the Sansevieria Moonshine listing"
168284607751,old,Silver Moon - Live Houseplant - 4-inch Pot,42,Hoya Silver Moon 4 inch Pot Live Plant | Variegated Leaves Easy Care Wax Plant,78,,hoya carnosa compacta,"desc: ""Silver Moon is a popular Hoya variety featuring stunning, variegated leaves""; sci name given as ""Hoya Finlayoniana"" (spelling to be confirmed before use)"
168284607650,old,Florida Ghost - Live Houseplant - 6-inch Pot,44,Florida Ghost 6 inch Pot Live Houseplant | Striking White Variegation Easy Care,79,,,"desc gives no genus: ""unique houseplant known for its striking white variegation"". Owner must add the genus once confirmed"
168284607737,old,Shooting Star - Live Houseplant - 4-inch Pot,44,Dodecatheon Meadia Shooting Star 4 inch Pot Live Perennial Plant | Shade,72,,,"desc: ""perennial flower ... partial to full shade ... woodland gardens"", sci name Dodecatheon meadia. Confirm this is the plant sold (Shooting Star is also a Hoya common name)"
168284607690,old,Hoya - Live Houseplant - 4-inch Pot,35,Hoya Sigillatis 4 inch Pot Live Plant | Vining Wax Plant Waxy Leaves,68,,hoya carnosa compacta,"desc: ""Hoya Sigillatis is a unique vining plant known for its beautiful waxy leaves"""
168284607725,old,Purple Star - Live Houseplant - 6-inch Pot,42,Hoya Pubicalyx Purple Star 6 inch Pot Live Vining Plant | Star Shaped Flowers,77,,hoya carnosa compacta,"desc: ""vining plant known for its unique star-shaped flowers and vibrant purple hues""; sci Hoya Pubicalyx"
168284607719,old,Prince Of Orange - Live Houseplant - 6-inch Pot,47,Philodendron Prince of Orange 6 inch Pot Live Plant | Orange Leaves Mature Green,80,,,"desc: ""Philodendron Prince Of Orange ... vibrant orange leaves that mature to a rich green"""
168284607643,old,Flapjack - Live Houseplant - 4-inch Pot,39,Flapjack Succulent 4 inch Pot Live Plant | Paddle Leaves Turn Vibrant Colors,76,,,"desc: ""stunning succulent with unique, paddle-shaped leaves that can turn vibrant colors in bright light"" (no genus given)"
168284607627,old,Creamsicle - Live Houseplant - 4-inch Pot,41,Aloe Creamsicle 4 inch Pot Live Succulent | Compact Cream Orange Peach Leaves,77,,,"desc: ""compact aloe hybrid with creamy orange-peach tones""; sci ""Aloe Creamsicle"""
168284607636,old,Curly Sue - Live Houseplant - 4-inch Pot,40,Juncus Effusus Curly Sue 4 inch Pot Live Rush Plant | Spiral Curled Stems,73,,,"desc: ""quirky rush plant with tightly curled, spiraling green stems""; sci Juncus effusus Curly Sue"
168284607657,old,Grey Star - Live Houseplant - 4-inch Pot,40,Hoya Pubicalyx Grey Star 4 inch Pot Live Plant | Striking Star Shaped Leaves,76,,hoya carnosa compacta,"desc: ""Grey Star is an eye-catching Hoya ... star-shaped leaves""; sci Hoya Pubicalyx. NOT the Calathea Setosa Grey Star listing"
168284607659,old,Epiperemnum Marble - Live Houseplant - 4-inch Pot,49,Epipremnum Aureum Marble 4 inch Pot Live Plant | Variegated Cascading Growth,76,,,"title typo ""Epiperemnum""; desc: ""Variegated Epipremnum cultivar with cascading growth and marble-patterned leaves""; sci Epipremnum aureum Marble"
168284607684,old,Hoya Cummingiana - Live Houseplant - 6-inch Pot,47,Hoya Cummingiana 6 inch Pot Live Plant | Lemon Scented Leaves Yellow Flowers,76,,hoya cummingiana,"desc: ""small, thick, lemon-scented leaves ... bright yellow, star-shaped flowers"". Currently owner rank 5 for this query"
168284607742,old,Rare Black Raven ZZ - Live Houseplant - 4-inch Pot,50,Black Raven ZZ Plant Zamioculcas Zamiifolia 4 inch Pot Live Houseplant Rare,75,,raven zz plant,"title says ""Rare Black Raven ZZ""; sci name Zamioculcas zamiifolia (top listings carry both the Zamioculcas Zamiifolia and Black Raven phrases)"
168284607758,old,Texas Ebony - Live Houseplant - 4-inch Pot,42,Texas Ebony Live Tree 4 inch Pot | Hardy Drought Tolerant Dense Canopy,70,,texas ebony plant,"desc: ""hardy and drought-tolerant tree known for its dense canopy"". Desc sci name ""Prosopis texana""; top results use ""Ebenopsis ebano"" -> owner to confirm before adding a botanical name"
168284607710,old,Philodendron Pink Princess - Live Houseplant - 4-inch Pot,57,Philodendron Pink Princess 4 inch Pot Live Plant | Pink Variegated Erubescens,77,,philodendron pink princess,"desc: ""stunning variegated plant known for its vibrant pink and green""; sci Philodendron erubescens"
168284607680,old,Krinkle Wax - Live Houseplant - 4-inch Pot,42,Hoya Carnosa Krinkle Wax 4 inch Pot Live Plant | Textured Leaves Star Flowers,77,,hoya carnosa compacta,"desc: ""unique Hoya variety known for its thick, textured leaves and abundant star-shaped flowers""; sci Hoya Carnosa"
168284607642,old,Florida Beauty - Live Houseplant - Standard Pot,47,Hoya Florida Beauty Variegated Live Plant | Easy Care Wax Plant,63,,hoya carnosa compacta,"desc: ""stunning variegated variety of Hoya""; pot size ""Standard Pot"" must be specified by owner"
168284607651,old,Emerald Star - Live Houseplant - 4-inch Pot,43,Hoya Emerald Star 4 inch Pot Live Plant | Glossy Star Shaped Green Leaves,73,,hoya carnosa compacta,"desc: ""Compact Hoya cultivar with glossy, star-shaped leaves prized for its vibrant green color"""
168578976268,new,Calathea Rattlesnake 4 in Live Houseplant | Lancifolia Prayer Plant,67,Calathea Lancifolia Rattlesnake Prayer Plant 4 inch Pot Live Houseplant,71,,calathea rattlesnake,"all words from the current title; reordered like the BubbleBlooms top listing (""Calathea Lancifolia, Rattlesnake, Prayer Plant ... 4 inch Pot"")"
168578976211,new,Syngonium Mojito 4 in Live Houseplant | Rare Variegated Arrowhead Plant,71,Syngonium Mojito Rare Variegated Arrowhead Plant 4 inch Pot Live Houseplant,75,,syngonium mojito,"all words from the current title; ""inch"" spelled out as in top listings"
168578976210,new,Mini Monstera 4 in Live Houseplant | Rhaphidophora Tetrasperma,62,Mini Monstera Rhaphidophora Tetrasperma 4 inch Pot Live Houseplant,66,,rhaphidophora tetrasperma,"all words from the current title; Genus specific should read Rhaphidophora (currently ""Monstera"")"
168578976237,new,Satin Pothos 4 in Live Houseplant | Scindapsus Pictus,53,Satin Pothos Scindapsus Pictus 4 inch Pot Live Houseplant Silvery Leaves,72,,satin pothos,"desc: ""silvery satin-like variegation"""
168578976223,new,Hoya Kerrii 4 in Variegated 1 Heart Leaf Live Succulent Heart Plant Easy Care,77,Hoya Kerrii Sweetheart Plant 4 inch Pot Variegated 1 Heart Leaf Live Houseplant,79,,hoya kerrii,"desc: ""signature heart-shaped leaves""; ""Sweetheart Plant"" appears in the owner's old Hoya Kerrii description and in all top listings"
168578976248,new,Philodendron Micans 4 in Live Houseplant | Velvet Leaf Philodendron,67,Philodendron Micans Velvet Leaf 4 inch Pot Live Houseplant,58,,philodendron micans,all words from current title
168578976215,new,Sansevieria Moonshine 6 in Live Houseplant | Silver Snake Plant,63,Sansevieria Moonshine Silver Snake Plant 6 inch Pot Live Houseplant,67,,sansevieria moonshine,all words from current title
168578976235,new,Chinese Money Plant 4 in Live Houseplant | Pilea Peperomioides,62,Chinese Money Plant Pilea Peperomioides 4 inch Pot Live Houseplant,66,,pilea peperomioides,"all words from current title (top listing: ""Live Chinese Money Plant Pilea peperomioides"")"
168578976274,new,Watermelon Peperomia (Stilt) 4 in Live Houseplant | Peperomia Argyreia,70,Watermelon Peperomia Argyreia Stilt 4 inch Pot Live Houseplant,62,,watermelon peperomia,all words from current title (parentheses removed)
168578976217,new,Syngonium Chiapense 4 in Live Houseplant | Rare Arrowhead Plant,63,Syngonium Chiapense Rare Arrowhead Plant 4 inch Pot Live Houseplant,67,,syngonium chiapense,all words from current title
168578976224,new,Hoya Hindu Rope Variegated 2 in Live Houseplant | Hoya Carnosa Compacta,71,Hoya Carnosa Compacta Hindu Rope Variegated 2 inch Pot Live Wax Plant,69,,hoya carnosa compacta,"all words from current title; ""Wax Plant"" is this listing's own Common Name specific. Top listing leads with ""Hoya carnosa compacta"""
168578976231,new,Hoya Australis Lisa 4 in Live Houseplant | Variegated Hoya,58,Hoya Australis Lisa Variegated 4 inch Pot Live Wax Plant Houseplant,67,,hoya australis lisa,all words from current title; Wax Plant per the owner's other Hoya listings
168578976263,new,Peperomia Hope 4 in Live Houseplant | Trailing Peperomia,56,Peperomia Hope Trailing 4 inch Pot Live Houseplant,50,,peperomia hope,"current title; ""trailing"" per desc"
168578976222,new,Monstera Siltepecana 4 in Live Houseplant | Silver Monstera,59,Monstera Siltepecana Silver Monstera 4 inch Pot Live Climbing Houseplant,72,,monstera siltepecana,"desc: ""climbing monstera"""
