subset,feature,queries,mean_rho,median_rho,pos,neg,wilcoxon_p
same-plant rooted-plant listings only (n=942),logfb,19,0.1323532285925913,0.12440146438763147,13,6,0.015972137451171875
same-plant rooted-plant listings only (n=942),pos,18,0.0051626682737955214,-0.030918718709452175,7,11,0.9661178588867188
same-plant rooted-plant listings only (n=942),free_ship,19,-0.007473812175934808,-0.060481473675900614,9,10,0.6507492065429688
same-plant rooted-plant listings only (n=942),rel_total,19,-0.16077465319761583,-0.17440571631242652,4,15,0.01082611083984375
same-plant rooted-plant listings only (n=942),sold_flag,13,0.036810688673866346,0.03214121732666125,9,4,0.454833984375
same-plant rooted-plant listings only (n=942),watch_flag,19,0.1006499731079785,0.102908610032171,12,6,0.07776744228559361
same-plant rooted-plant listings only (n=942),bo,19,-0.12170490319901518,-0.10682521669451929,4,15,0.0016937255859375
same-plant rooted-plant listings only (n=942),free_returns,14,0.01826869133512368,-0.02815453552897123,6,8,0.71484375
same-plant rooted-plant listings only (n=942),vol,17,0.05286734805804836,0.07040167796824226,10,7,0.3060455322265625
same-plant rooted-plant listings only (n=942),exact,18,0.11385407406095616,0.04308341633242458,11,7,0.14151763916015625
same-plant rooted-plant listings only (n=942),allwords,15,0.26042508801523895,0.22587697572631277,15,0,6.103515625e-05
same-plant rooted-plant listings only (n=942),title_len,19,0.0880466907073932,0.12894893415586867,13,6,0.049365997314453125
same-plant rooted-plant listings only (n=942),no_recent_fb,15,-0.16866054804374983,-0.12351131643867984,0,14,0.0009815397525216685
all non-auction in-N cards (n=1923),logfb,22,0.09686789023596093,0.08447326841780517,15,7,0.0542454719543457
all non-auction in-N cards (n=1923),pos,22,0.08160844926510356,0.06430320970425699,13,9,0.09841060638427734
all non-auction in-N cards (n=1923),free_ship,22,0.02225902387459149,0.02315023117495642,12,9,0.5430157923729039
all non-auction in-N cards (n=1923),rel_total,22,-0.18692106644017123,-0.20280942896190143,5,17,0.00017690658569335938
all non-auction in-N cards (n=1923),sold_flag,19,0.05228030258913857,0.09363120761347889,13,6,0.049365997314453125
all non-auction in-N cards (n=1923),watch_flag,22,0.14716130009036735,0.12567405650038826,20,2,5.245208740234375e-05
all non-auction in-N cards (n=1923),bo,22,-0.09894398022115083,-0.12868503076346954,7,15,0.018956661224365234
all non-auction in-N cards (n=1923),free_returns,20,0.0016090159028826461,-0.018573574486468007,8,12,0.9272785186767578
all non-auction in-N cards (n=1923),vol,21,0.09431898767749937,0.07374999608921934,17,3,0.0022039368924026215
all non-auction in-N cards (n=1923),exact,22,0.259641474793269,0.19355008033177165,18,4,6.532669067382812e-05
all non-auction in-N cards (n=1923),allwords,22,0.35563101136604885,0.3528795492837108,22,0,4.76837158203125e-07
all non-auction in-N cards (n=1923),title_len,22,0.14682328814807508,0.1617641517283794,18,4,0.00014638900756835938
all non-auction in-N cards (n=1923),no_recent_fb,19,-0.20303267812816542,-0.21280597826190267,1,18,1.9073486328125e-05
queries with full result set visible (<=120 results; n=998),logfb,14,0.122284823042367,0.09688299046408612,10,4,0.067626953125
queries with full result set visible (<=120 results; n=998),pos,14,0.12569998104067842,0.08361828143817784,10,4,0.090576171875
queries with full result set visible (<=120 results; n=998),free_ship,14,-0.03160920754343489,-0.010798456052102997,6,7,0.6496440323317323
queries with full result set visible (<=120 results; n=998),rel_total,14,-0.21136328401145393,-0.20280942896190143,2,12,0.001220703125
queries with full result set visible (<=120 results; n=998),sold_flag,11,0.07106560133073278,0.11010084461906888,8,3,0.0830078125
queries with full result set visible (<=120 results; n=998),watch_flag,14,0.12210460794930796,0.08874025846932829,12,2,0.0052490234375
queries with full result set visible (<=120 results; n=998),bo,14,-0.06728157288823737,-0.10601660358433694,5,9,0.153076171875
queries with full result set visible (<=120 results; n=998),free_returns,12,0.016492707701401207,-0.02322731474302401,5,7,0.7333984375
queries with full result set visible (<=120 results; n=998),vol,13,0.06226740509989149,0.0463174796862386,9,3,0.0771484375
queries with full result set visible (<=120 results; n=998),exact,14,0.19620475167886853,0.13029772804428444,11,3,0.008544921875
queries with full result set visible (<=120 results; n=998),allwords,14,0.32204161920613533,0.25447239272161853,14,0,0.0001220703125
queries with full result set visible (<=120 results; n=998),title_len,14,0.1448711989001356,0.13364311784993482,12,2,0.0040283203125
queries with full result set visible (<=120 results; n=998),no_recent_fb,13,-0.22100550401562363,-0.25188389189155835,1,12,0.000732421875
excluding owner rows,logfb,22,0.11403977318296037,0.10214368610198152,15,7,0.030117511749267578
excluding owner rows,pos,22,0.07610417912168864,0.04733562404870979,13,9,0.1761918067932129
excluding owner rows,free_ship,22,0.023864483860005028,0.02075894615217151,12,9,0.5202133776633694
excluding owner rows,rel_total,22,-0.18286650034517676,-0.19294672236914956,5,17,0.00042819976806640625
excluding owner rows,sold_flag,19,0.05386390591327633,0.09363120761347889,12,7,0.060207366943359375
excluding owner rows,watch_flag,22,0.14981944584582435,0.12816564541900044,19,3,4.1961669921875e-05
excluding owner rows,bo,22,-0.09695521458160578,-0.14548202214103817,7,15,0.015583038330078125
excluding owner rows,free_returns,20,0.004030745262408079,-0.01828347743091884,8,12,0.9272785186767578
excluding owner rows,vol,21,0.0967512250851944,0.08262948521945315,18,3,0.0008516311645507812
excluding owner rows,exact,22,0.2474869694853018,0.17413401637937825,19,3,8.058547973632812e-05
excluding owner rows,allwords,22,0.3445323351575485,0.3348836415054795,22,0,4.76837158203125e-07
excluding owner rows,title_len,22,0.151382755433847,0.16429895712130665,18,4,0.00014638900756835938
excluding owner rows,no_recent_fb,19,-0.20256876020321907,-0.21107355742764033,1,18,2.6702880859375e-05
only cards whose title contains all query words (n=1074),logfb,20,0.15694314368693912,0.18187377232950785,14,6,0.005580902099609375
only cards whose title contains all query words (n=1074),pos,19,0.012257499564120823,-0.04036441719794227,8,11,0.8905677795410156
only cards whose title contains all query words (n=1074),free_ship,19,0.03867440898852779,0.028816326230492226,12,6,0.499656379643342
only cards whose title contains all query words (n=1074),rel_total,20,-0.2627613623039072,-0.27915873153522,1,19,0.0001049041748046875
only cards whose title contains all query words (n=1074),sold_flag,14,0.0591099179869519,0.11327528740677141,9,4,0.15195618574341052
only cards whose title contains all query words (n=1074),watch_flag,20,0.18704096887097563,0.14979519557626403,17,3,0.0002613067626953125
only cards whose title contains all query words (n=1074),bo,20,-0.05790151967949499,-0.10822175765693906,8,12,0.13272666931152344
only cards whose title contains all query words (n=1074),free_returns,14,0.012262483830024222,-0.05853625767293266,6,8,0.9031982421875
only cards whose title contains all query words (n=1074),vol,18,0.07293324036273377,0.0715195884425627,13,5,0.06653594970703125
only cards whose title contains all query words (n=1074),title_len,20,0.07900899713402591,0.07768095887735377,14,6,0.05316925048828125
only cards whose title contains all query words (n=1074),no_recent_fb,16,-0.20897819818660454,-0.23012364430025137,1,15,0.00030517578125
only cards whose title contains all query words (n=1074),exact,16,0.012076674867765036,-0.04894574032823346,7,9,0.979949951171875
