feature,label,queries_defined,pos_queries,neg_queries,mean_rho,median_rho,weighted_mean_rho,boot95_lo,boot95_hi,wilcoxon_p,pooled_rows_rho,pooled_rows_p,pooled_rows_n
logfb,seller feedback count (log10),22,10,12,0.024436664413878616,-0.0261199519347159,0.02099551862598913,-0.060503400907544545,0.11434141694451104,0.898735523223877,0.01225187658834792,0.6138001325071286,1699
pos,% positive (valid only),21,15,6,0.19564621763346565,0.11149039978201544,0.17437995519938715,0.09752235222992131,0.2997504148694688,0.0016002655029296875,0.153980002257956,6.745890107974667e-10,1590
no_recent_fb,shows 0% positive (no ratings last 12 mo),19,4,15,-0.15579019179414022,-0.15934802582129667,-0.14989067079833915,-0.22631093497671168,-0.08684112556648144,0.000644683837890625,-0.1494076948833913,6.067832085084786e-10,1699
free_ship,free shipping,22,10,12,0.03834823162157353,-0.0029249697697260888,0.07208704660177898,-0.04284675755438214,0.11912314759148336,0.4825911521911621,0.05594178945902157,0.021573208926534394,1687
rel_total,delivered price / query median,22,3,19,-0.23142982831396727,-0.2590031281159618,-0.216244946206385,-0.3269082741747735,-0.13028291817784773,0.0003046989440917969,-0.2112688417116426,4.293837911205498e-18,1649
sold_flag,"has ""N sold"" badge",18,13,5,0.07090297817952629,0.0775353123848043,0.06712278590097985,0.017376409601367722,0.12456295247480516,0.03849029541015625,0.0609453410556901,0.011984902139003125,1699
log_sold,log(1+N sold),18,13,5,0.07038497729102629,0.07768867805232879,0.06702733692446393,0.016565510600466356,0.12429517621127482,0.03849029541015625,0.06105592546521952,0.011830639175536029,1699
watch_flag,has watchers badge,22,17,5,0.13836578852091524,0.10136304370596592,0.1272509467569703,0.07385239910344482,0.21810628683675143,0.00017690658569335938,0.12366298886379155,3.1684487723003586e-07,1699
log_watchers,log(1+watchers),22,17,5,0.13465128735822846,0.10274007026014123,0.12494366657366868,0.07035144305120379,0.21339684630119005,0.000255584716796875,0.12112496275026223,5.516647377255877e-07,1699
bo,Best Offer,22,5,17,-0.11400334742624742,-0.15833517505923156,-0.13497663426447,-0.17409215623684565,-0.04908991118877472,0.0028514862060546875,-0.12822232175447767,1.1378963539692427e-07,1699
auction,auction,10,6,4,0.06187301560879468,0.03924482845679729,0.04235475794506426,-0.006927872593227797,0.1368441186957281,0.232421875,0.03259647721753328,0.17928497557442336,1699
free_returns,free returns,19,8,10,-0.015761001572596436,-0.015723270440251572,-0.013302575101709022,-0.10045824681117188,0.06630842950092695,0.8446284810712963,-0.021018053489306354,0.3866000379206853,1699
vol,volume discount (Save up to X%),21,12,9,-0.039089464468558155,0.0189045845962974,-0.005181110735201281,-0.1068890099017655,0.02317001962369801,0.6578273773193359,-0.010028197060143903,0.6795643411438032,1699
exact,title has exact query phrase,22,20,2,0.318092559001524,0.3306792896499412,0.3308763674602066,0.22727710866563564,0.40816302226627643,4.76837158203125e-06,0.2613790401544078,6.160229577174665e-28,1699
allwords,title has all query words,22,22,0,0.3963752608702112,0.3903272932077462,0.41816846298682736,0.3263860261690386,0.4670115692726592,4.76837158203125e-07,0.3287154470391512,4.2703555636909597e-44,1699
title_len,title length (chars),22,14,8,0.053223153701644786,0.04469785954711726,0.08811391648944988,-0.044940275134376824,0.13861099744422564,0.16585874557495117,0.07603585052864781,0.0017106454242212387,1699
intl,ships from outside US,5,1,4,-0.1257994654259597,-0.13495505686390957,-0.131816780255101,-0.23225167687901918,-0.01934725397290025,,-0.05664123558463638,0.019551402044858557,1699
price_range,price range (multi-variation),17,5,11,-0.0859218306584727,-0.0595618074909886,-0.07258341938506442,-0.17401012576614303,-0.010576953757225883,0.07873081119613402,-0.07560028112744688,0.0018187755113796564,1699
coupon,coupon shown,11,8,3,0.03597655558676609,0.021614183558148144,-0.028930704283818623,-0.11633517637808322,0.16803044205861176,0.3203125,-0.06699373007853897,0.005736386198347798,1699
scarcity,"""Last one""/""Almost gone""",16,11,3,0.06658782333903022,0.07268749818879551,0.062033741808303886,0.000319341293196133,0.12401362659464056,0.04132685891250041,0.0535483656487136,0.027302507086944934,1699
just_listed,"""JUST LISTED"" banner",10,9,1,0.1476733687368425,0.16903085094570333,0.14603649684644135,0.07742080441369881,0.20421301434945696,0.005859375,0.10381737902369384,1.805473701654487e-05,1699
new_low_price,"""NEW LOW PRICE"" banner",11,3,6,-0.06088520349884095,-0.007204727852716047,-0.03245016513289514,-0.14554186451723777,0.01413001370678777,0.30078125,-0.027376855290831708,0.2593936256128957,1699
