query,N,logfb,logfb__n,pos,pos__n,no_recent_fb,no_recent_fb__n,free_ship,free_ship__n,rel_total,rel_total__n,sold_flag,sold_flag__n,log_sold,log_sold__n,watch_flag,watch_flag__n,log_watchers,log_watchers__n,bo,bo__n,auction,auction__n,free_returns,free_returns__n,vol,vol__n,exact,exact__n,allwords,allwords__n,title_len,title_len__n,intl,intl__n,price_range,price_range__n,coupon,coupon__n,scarcity,scarcity__n,just_listed,just_listed__n,new_low_price,new_low_price__n
calathea rattlesnake,53,-0.13290545017217353,53,0.4867142626357716,50,-0.042700841014689905,53,-0.36872760188941184,52,-0.056352459221803056,52,0.16317848796612636,53,0.16317848796612636,53,0.0654627765887489,53,0.07003072013332709,53,0.11557254586195356,53,,53,0.07884165279854435,53,0.26481167575013703,53,0.0699518040743403,53,0.5311979292749333,53,-0.06988697970882449,53,0.1269166017514316,53,-0.4371649969879742,53,0.0582551728035463,53,0.1903749026271474,53,,53,0.15534712747612345,53
calathea setosa,119,-0.07625333736648489,119,0.5106091784860965,107,0.02193513181907428,119,-0.1544135535352132,118,0.06463608320183825,118,,119,,119,0.18929206347571506,119,0.18709990623147954,119,-0.19752447188288322,119,,119,0.11866498077312504,119,0.1402495545652598,119,0.14653514311407834,119,0.14653514311407834,119,0.2281356971712402,119,-0.12677252604333858,119,-0.1454217998375665,119,0.0,119,0.17102146628633952,119,,119,,119
cebu blue pothos,85,0.15184162212757288,85,-0.01658623054195242,74,-0.2785634697288467,85,0.23621905716797845,85,-0.37882023069865645,85,0.1929645563765843,85,0.19328580166373058,85,0.1785663267492607,85,0.19104609644552925,85,-0.20156137540214492,85,,85,-0.10755401502957157,85,0.18744616710621773,85,-0.0019793328207618538,85,0.2711065936934165,85,0.2640991066576428,85,,85,-0.0949006014966808,85,,85,,85,,85,,85
christmas cactus,120,-0.10961574695454988,120,-0.032825038689671855,120,,120,-0.08348972161670899,120,-0.14788272197370833,120,0.1548101480634342,120,0.1592949199568079,120,0.2524213659186919,120,0.23952831427451315,120,0.06312515800617763,120,,120,-0.005637540961369783,120,0.07374999608921934,120,-0.02230447414367752,120,0.167759632405165,120,0.23896010073576496,120,,120,0.004619008157004067,120,,120,0.08776307767293248,120,-0.14687367428582535,120,,120
hoya australis lisa,120,0.23735086701504268,120,-0.06703568854386636,117,-0.23036266366378105,120,-0.1296923569720176,120,-0.2722423390876711,114,0.022494166332063338,120,0.022494166332063338,120,0.14596902271381063,120,0.15852957224984546,120,-0.007969234550440737,120,-0.005519076459030726,120,0.012830578213900188,120,0.27387364350521676,120,0.48395954471402836,120,0.6206730909020023,120,0.18837949186106742,120,,120,,120,-0.09014191186843606,120,-0.06201295057506761,120,0.10453171413135318,120,,120
hoya carnosa compacta,69,-0.12090240421852678,69,0.10277969523201684,67,-0.11711122172579201,69,0.01702783366045916,68,0.0393463290787256,68,-0.06198013080533033,69,-0.0648125696808307,69,-0.05933493540430508,69,-0.07326143459652748,69,0.04607552978464674,69,,69,-0.0730657651068375,69,0.0,69,0.4921780659889597,69,0.6466015938347572,69,0.007005098809160282,69,,69,-0.22454435656953592,69,-0.018266441276709375,69,-0.028407559952443075,69,,69,,69
hoya cummingiana,120,-0.0380533517833606,120,0.2026203268374003,120,,120,0.031826171024250234,120,0.06864093812170322,103,-0.13328675857469607,120,-0.13240101595928402,120,0.011427120859629885,120,0.009658958342944966,120,0.04013877681149623,120,-0.012073117651454737,120,-0.10415837789754626,120,0.17661044668898324,120,0.3316745419283902,120,0.3289369569582313,120,0.11327493541076585,120,0.13502011949681922,120,0.09659259660238963,120,0.04631151891895394,120,0.17852213044337648,120,0.24499371790354776,120,0.05226730094168942,120
hoya kerrii,120,-0.23278665255378608,120,0.1695237000230988,119,-0.003969558764481766,120,0.2946329319754091,120,-0.25095967210752507,119,0.004213651167874285,120,0.006198290372840645,120,0.5064018823057034,120,0.5109719182498765,120,-0.1973712067845882,120,-0.07806798903480805,120,-0.01720142131275432,120,0.12329738921701175,120,0.5748001377918809,120,0.6136886269858727,120,0.27975536615738267,120,,120,-0.0023113310735496427,120,-0.5591092025931851,120,-0.0030097508341959183,120,,120,-0.0013231862548272553,120
monstera peru,56,0.39878953806205897,56,0.21769061813046184,51,-0.3855004070591392,56,0.02641756935479196,56,-0.24870861590351057,54,0.17101900161260059,56,0.17101900161260059,56,0.01076997959561986,56,0.02109927748644996,56,-0.13513081127216323,56,0.2500398692291826,56,0.14883325549356108,56,0.21212825319598805,56,-0.1794359952958233,56,0.02500398692291826,56,0.2560227466532872,56,,56,-0.004171195161282941,56,,56,0.18770378225773235,56,0.22107334354799588,56,,56
monstera siltepecana,63,0.31328847815598737,63,0.030580139755515462,50,-0.4421829309424703,63,0.2602091702083853,59,-0.5922468609351446,57,0.09017605242029354,63,0.08728253853385896,63,0.27132435807767447,63,0.27342696063155564,63,-0.07690239589651066,63,0.11451245143468074,63,,63,0.04653633124507966,63,0.5392474767591101,63,0.5392474767591101,63,0.4567151967427523,63,,63,0.08949294470207626,63,,63,0.21724230810343442,63,0.09079298588062663,63,,63
peperomia hope,57,0.08632662494456922,57,0.2492884852218716,54,-0.29130969632280346,57,0.166953162427272,56,-0.08797677237575552,56,0.11590876162330405,57,0.11568696351845391,57,-0.07061019571290436,57,-0.0784626005026261,57,-0.17906336181358573,57,,57,-0.06954525697398242,57,-0.1089206637954527,57,0.4677181445334145,57,0.4677181445334145,57,0.12614783773768934,57,,57,0.09852244737980843,57,,57,,57,,57,-0.02897719040582601,57
philodendron brasil,120,0.031924710606062376,120,0.04220670912392322,114,-0.10707008330519607,120,0.07954667688795607,120,-0.2844238954438368,118,-0.06201295057506761,120,-0.06116515968228068,120,0.13892973255655283,120,0.13759127330701384,120,-0.2111797076771622,120,-0.015033442563652757,120,-0.1493342654432739,120,0.03697131385791812,120,0.41309589878270003,120,0.3730146077138121,120,-0.00873273441186625,120,,120,0.04699706516217606,120,0.020801979661946784,120,0.17288414926866502,120,,120,,120
philodendron micans,111,0.0826199118910411,111,0.3916518239484736,93,-0.3844484185300596,111,-0.11299224630762629,110,-0.041409500982198276,110,0.11010084461906888,111,0.11010084461906888,111,0.07900841157416061,111,0.08021078628511899,111,-0.15987345260708088,111,,111,,111,-0.02448265915705644,111,0.047469497618711706,111,0.3940903813731685,111,0.30911067542233045,111,,111,-0.04227600216066947,111,0.1458092266576858,111,0.19023899008046866,111,-0.11605224162550504,111,0.1712150910724218,111
philodendron pink princess,120,0.2669201902888124,120,-0.02503817545530509,114,-0.15453414085286032,120,0.1466185389592639,120,-0.3557611515769461,119,0.18628602130499564,120,0.1861520777811492,120,0.20000721622411524,120,0.20588773162313012,120,-0.349010992105996,120,0.0886534790734261,120,0.09272048451171619,120,0.24067020761041394,120,0.04545518849876828,120,0.027348597935093193,120,-0.06387802224456582,120,-0.24400064451925185,120,0.045456177779809634,120,,120,0.23777031590147754,120,0.2611804113111096,120,-0.06702860113293964,120
pilea peperomioides,120,0.04125576910705312,120,-0.2225569959051369,118,-0.20107229428885565,120,0.24390913393153282,119,0.040653139866420385,118,0.09322368663316892,120,0.09614224277570972,120,0.19815536148925583,120,0.20126334254972456,120,-0.27620293184607103,120,-0.07277524401549904,120,-0.18404192346678713,120,0.16642505777580383,120,0.595900312549929,120,0.595900312549929,120,0.18869902346063727,120,,120,-0.05161972730927535,120,-0.01455504880309981,120,-0.05160426393826295,120,,120,-0.06748249899619002,120
raven zz plant,46,-0.1507268368830113,46,0.5722928614264481,43,-0.01657984975474547,46,-0.20246705361964065,46,-0.20106081202665735,46,-0.04973954926423641,46,-0.05172311190317184,46,0.11351310783862406,46,0.10357883914511408,46,-0.2482858038012738,46,,46,-0.12044405267973493,46,-0.13392459422808195,46,-0.008218561212025632,46,0.17111589180898598,46,0.0884267838837855,46,,46,-0.10438484565577028,46,0.07298649982576498,46,0.104605206563161,46,0.16281603807286033,46,,46
rhaphidophora tetrasperma,63,0.027521287748662897,63,-0.046408996112893036,58,-0.25188389189155835,63,-0.14626677198241417,62,-0.20455804589714552,62,0.08073201663190974,63,0.0910890751271924,63,0.05176775776887457,63,0.059902732380386535,63,0.05309641253425621,63,,63,0.17540617161606947,63,0.017841977552617745,63,0.2110937378558366,63,0.2110937378558366,63,-0.08003858673766728,63,-0.13732916704616538,63,0.16469331392909586,63,0.27881292523226614,63,-0.11949125367097121,63,0.18158597176125327,63,-0.298728134177428,63
sansevieria moonshine,92,0.21350574226967117,92,0.06445686764433883,90,-0.02245340381467853,92,-0.021596912104205994,92,-0.14208315722899437,92,-0.17962723051742824,92,-0.17958587894479394,92,0.016065914918513717,92,0.031333524848600976,92,0.023202864422419388,92,,92,-0.028066754768348162,92,0.0018922602204609876,92,0.09778354245231863,92,0.23783819174982057,92,0.035960848402186336,92,-0.1651301769121077,92,0.0,92,,92,0.061068702923500126,92,,92,,92
satin pothos,116,0.212678013233098,116,0.06414955176417514,106,-0.21280597826190267,116,0.029272628689453684,116,-0.2721464243270337,116,0.14898880397516803,116,0.14898880397516803,116,0.09847210536449598,116,0.09828547455616979,116,-0.020891656373455015,116,,116,-0.01838787471769986,116,0.1595804841571809,116,0.11406031297449054,116,0.23522544402242332,116,0.19892956954410412,116,,116,0.09050721736809272,116,0.018652917235184658,116,0.03955590672566408,116,,116,-0.035600316053097665,116
syngonium chiapense,120,0.33286892911639215,120,-0.08837357530800216,114,-0.28257671470237317,120,0.3125561501740076,119,0.04879821667815248,117,-0.059543381467226486,120,-0.059543381467226486,120,0.030187856356967482,120,0.018591834865287673,120,-0.3262172979382385,120,-0.01691262288410935,120,0.1986724615453197,120,0.025883857174084896,120,0.5177642741381017,120,0.530901969217952,120,0.3342940969033995,120,-0.14158092926651633,120,0.22174327781387815,120,0.21798491717296498,120,0.11462999954785226,120,0.26426218607584245,120,0.11776357667962573,120
syngonium mojito,21,0.5987649768170696,21,-0.726181430411743,18,-0.44946657497549475,21,0.0,21,-0.5488795352818324,21,,21,,21,0.44312936752559784,21,0.41882968212341987,21,0.2502318034804895,21,,21,0.25849213105659874,21,,21,0.5744562646538028,21,0.2263009527424072,21,0.14113839796218028,21,,21,,21,,21,,21,,21,,21
texas ebony plant,8,,8,,7,,8,,8,,7,,8,,8,,8,,8,,8,,8,,8,,8,,8,,8,,8,,8,,8,,8,,8,,8,,8
watermelon peperomia,39,0.10743935598360302,39,-0.14123709260908304,39,,39,-0.17216418767791689,39,-0.28882597356218764,39,,39,,39,0.32203747293023505,39,0.31236748888522714,39,-0.21088784746999129,39,,39,-0.16526198004490975,39,0.0463174796862386,39,0.1760064228077067,39,0.40550720120062467,39,0.06643039206203143,39,,39,-0.24789297006736463,39,0.30986621258420577,39,,39,,39,-0.2594475272392892,39
