feature,mean_rho_all,pos_queries_all,neg_queries_all,mean_rho_organic,pos_queries_organic,neg_queries_organic,mean_rho_snap1,pos_q_snap1,neg_q_snap1
logfb,0.06299997641510567,14,8,0.024436664413878616,10,12,0.1019023744288547,15,7
pos,0.08093119739493054,14,8,0.19564621763346565,15,6,0.0790145907569062,13,9
no_recent_fb,-0.16898973176061052,3,16,-0.15579019179414022,4,15,-0.2027714214621397,1,18
free_ship,0.01518814757982992,12,10,0.03834823162157353,10,12,0.0206081190343456,12,9
rel_total,-0.1829526021325336,4,18,-0.23142982831396727,3,19,-0.1869210664401712,5,17
sold_flag,0.06011909241543012,12,6,0.07090297817952629,13,5,0.0519950630275056,13,6
log_sold,0.060741322026085794,12,6,0.07038497729102629,13,5,0.0527201103472201,13,6
watch_flag,0.1381081983762155,19,3,0.13836578852091524,17,5,0.1451347304415926,20,2
log_watchers,0.13450289324026887,19,3,0.13465128735822846,17,5,0.144432290887071,20,2
bo,-0.08241571327736145,6,16,-0.11400334742624742,5,17,-0.1003013389327339,7,15
auction,0.03499481358529207,6,4,0.06187301560879468,6,4,0.0280915896809705,3,6
free_returns,-0.026769476783172003,8,12,-0.015761001572596436,8,10,0.0020881243803009,8,12
vol,0.0488739485516967,14,7,-0.039089464468558155,12,9,0.09175991324844,17,3
exact,0.2863516641823867,20,2,0.318092559001524,20,2,0.2585096339892854,18,4
allwords,0.37540097076152906,22,0,0.3963752608702112,22,0,0.3530366574342706,22,0
title_len,0.09754316584969262,17,5,0.053223153701644786,14,8,0.1499522292033856,18,4
intl,-0.061282862264461814,2,5,-0.1257994654259597,1,4,-0.0789823889341612,2,5
price_range,-0.018859777815502323,9,11,-0.0859218306584727,5,11,-0.0248031888712669,9,10
coupon,0.0495958823719166,11,3,0.03597655558676609,8,3,0.0348149118250777,9,4
scarcity,0.07943440572842761,13,5,0.06658782333903022,11,3,0.093825286635045,13,5
just_listed,0.14613401960700795,9,1,0.1476733687368425,9,1,0.1268310452773258,8,2
new_low_price,-0.01597999623871776,5,8,-0.06088520349884095,3,6,-0.0238176689172488,4,7
