listing_id,url,style,title,title_chars,price,ship,best_offer,n_photos,n_specifics,has_genus_spec,has_common_name_spec,mpn,condition_set,desc_chars,desc_care,desc_live_arrival,desc_cold_guide,qty_available,qty_more_than_10,sold,watchers,in_carts,listing_start,handling_days,item_location,vague_title,typo,desc_scientific_name,dup_groups
168284607627,https://www.ebay.com/itm/168284607627,old,Creamsicle - Live Houseplant - 4-inch Pot,41,19.85,9.99,1,1,22,0,0,66F3AFF7,0,425,1,1,0,10,0,0,0,,2026-04-03,3,"Riverside, California, United States","cultivar/nickname only: Creamsicle (desc: ""Aloe Creamsicle"")",,Aloe ‘Creamsicle',G13
168284607629,https://www.ebay.com/itm/168284607629,old,Crimson Princess - Live Houseplant - 6-inch Pot,47,27.78,9.99,1,1,22,0,0,C4E6FC3F,0,421,1,1,0,10,0,0,0,,2026-04-03,3,"Riverside, California, United States",cultivar/nickname only: Crimson Princess (desc: Hoya carnosa),,Hoya carnosa ‘Crimson Princess’,G03
168284607631,https://www.ebay.com/itm/168284607631,old,Dieffenbachia Amy - Live Houseplant - 6-inch Pot,48,25.59,9.99,1,1,22,0,0,2EFE800D,0,400,1,1,0,10,0,0,0,,2026-04-03,3,"Riverside, California, United States",,,Dieffenbachia ‘Amy’,
168284607635,https://www.ebay.com/itm/168284607635,old,Dracaena Lime Dragon - Live Houseplant - 6-inch Pot,51,27.89,9.99,1,1,22,0,0,7774FE43,0,408,1,1,0,10,0,0,0,,2026-04-03,3,"Riverside, California, United States",,,Dracaena ‘Lime Dragon’,G23
168284607636,https://www.ebay.com/itm/168284607636,old,Curly Sue - Live Houseplant - 4-inch Pot,40,26.74,9.99,1,1,22,0,0,C18F520C,0,405,1,1,0,10,0,0,0,,2026-04-03,3,"Riverside, California, United States",cultivar/nickname only: Curly Sue (desc: Juncus effusus),,Juncus effusus ‘Curly Sue’,G14
168284607638,https://www.ebay.com/itm/168284607638,old,Dwarf Fiddle Leaf Fig - Live Houseplant - 4-inch Pot,52,22.14,9.99,1,1,22,0,0,B078D9BD,0,395,1,1,0,10,0,0,0,,2026-04-03,3,"Riverside, California, United States",,,Ficus lyrata ‘Bambino’,
168284607641,https://www.ebay.com/itm/168284607641,old,Bromeliad - Live Houseplant - 4-inch Pot,40,22.14,9.99,1,1,23,0,0,A02NAQTU,0,396,1,1,0,10,0,0,0,,2026-04-03,3,"Riverside, California, United States",genus/group only: Bromeliad (desc: Guzmania lingua),,Guzmania Lingua,G25
168284607642,https://www.ebay.com/itm/168284607642,old,Florida Beauty - Live Houseplant - Standard Pot,47,29.04,9.99,1,1,19,0,0,RCO6QPJU,0,367,1,1,0,10,0,0,0,,2026-04-03,3,"Riverside, California, United States",cultivar/nickname only: Florida Beauty (desc: a variegated Hoya),,,
168284607643,https://www.ebay.com/itm/168284607643,old,Flapjack - Live Houseplant - 4-inch Pot,39,29.04,9.99,1,1,23,0,0,THA9FTFJ,0,434,1,1,0,10,0,0,0,,2026-04-03,3,"Riverside, California, United States","cultivar/nickname only: Flapjack (desc: a succulent, no genus)",,,
168284607650,https://www.ebay.com/itm/168284607650,old,Florida Ghost - Live Houseplant - 6-inch Pot,44,34.79,9.99,1,1,22,0,0,RCO6QPJU,0,363,1,1,0,10,0,0,0,,2026-04-03,3,"Riverside, California, United States",cultivar/nickname only: Florida Ghost (desc: no genus given),,,
168284607651,https://www.ebay.com/itm/168284607651,old,Emerald Star - Live Houseplant - 4-inch Pot,43,19.26,9.99,1,1,22,0,0,K57DOWBQ,0,453,1,1,0,10,0,0,0,,2026-04-03,3,"Riverside, California, United States",cultivar/nickname only: Emerald Star (desc: a Hoya cultivar),,,
168284607654,https://www.ebay.com/itm/168284607654,old,Freddy - Live Houseplant - 6-inch Pot,37,29.04,9.99,1,1,22,0,0,RCO6QPJU,0,359,1,1,0,10,0,0,0,,2026-04-03,3,"Riverside, California, United States",cultivar/nickname only: Freddy (desc: a Hoya variety),,,
168284607657,https://www.ebay.com/itm/168284607657,old,Grey Star - Live Houseplant - 4-inch Pot,40,17.54,9.99,1,1,22,0,0,RCO6QPJU,0,394,1,1,0,10,0,0,0,,2026-04-03,3,"Riverside, California, United States",cultivar/nickname only: Grey Star (desc: Hoya pubicalyx),,Hoya Pubicalyx,
168284607659,https://www.ebay.com/itm/168284607659,old,Epiperemnum Marble - Live Houseplant - 4-inch Pot,49,14.1,9.99,1,1,22,0,0,9NKSC7MD,0,608,1,1,0,10,0,0,0,,2026-04-03,3,"Riverside, California, United States",,"""Epiperemnum"" (genus misspelled; desc says Epipremnum aureum)",Epipremnum aureum 'Marble',
168284607664,https://www.ebay.com/itm/168284607664,old,Haworthia Zebra - Live Houseplant - 2-inch Pot,46,15.24,9.99,1,1,23,0,0,THA9FTFJ,0,499,1,1,0,10,0,0,0,,2026-04-03,3,"Riverside, California, United States",,,Haworthia fasciata,G17
168284607668,https://www.ebay.com/itm/168284607668,old,Hoya Rotundiflora - Live Houseplant - 4-inch Pot,48,63.55,9.99,1,1,22,0,0,RCO6QPJU,0,440,1,1,0,10,0,0,1,,2026-04-03,3,"Riverside, California, United States",,,Hoya rotundiflora,
168284607670,https://www.ebay.com/itm/168284607670,old,Hoya Crimson Princess - Live Houseplant - 6-inch Pot,52,27.78,9.99,1,1,22,0,0,DSGK0FTP,0,463,1,1,0,10,0,0,0,,2026-04-03,3,"Riverside, California, United States",,,Hoya Carnosa,G03
168284607673,https://www.ebay.com/itm/168284607673,old,Hoya Australis - Live Houseplant - 2-inch Pot,45,15.24,9.99,1,1,22,0,0,THA9FTFJ,0,455,1,1,0,10,0,0,0,,2026-04-03,3,"Riverside, California, United States",,,Hoya Australis,
168284607678,https://www.ebay.com/itm/168284607678,old,Hoya Carnosa - Live Houseplant - 4-inch Pot,43,19.84,9.99,1,1,22,0,0,THA9FTFJ,0,492,1,1,0,10,0,0,0,,2026-04-03,3,"Riverside, California, United States",,,Hoya Carnosa,G10
168284607679,https://www.ebay.com/itm/168284607679,old,Hoya Sunrise - Live Houseplant - Standard Pot,45,26.74,9.99,1,1,19,0,0,DSGK0FTP,0,458,1,1,0,10,0,0,0,,2026-04-03,3,"Riverside, California, United States",,,Hoya Obovata,G08
168284607680,https://www.ebay.com/itm/168284607680,old,Krinkle Wax - Live Houseplant - 4-inch Pot,42,19.84,9.99,1,1,22,0,0,RCO6QPJU,0,468,1,1,0,10,0,0,0,,2026-04-03,3,"Riverside, California, United States",cultivar/nickname only: Krinkle Wax (desc: Hoya carnosa),,Hoya Carnosa,G27
168284607681,https://www.ebay.com/itm/168284607681,old,Hoya Kerrii - Live Houseplant - 4-inch Pot,42,22.14,9.99,1,1,22,0,0,RCO6QPJU,0,438,1,1,0,10,0,0,0,,2026-04-03,3,"Riverside, California, United States",,,Hoya kerrii,G04
168284607683,https://www.ebay.com/itm/168284607683,old,Lime Dragon - Live Houseplant - 4-inch Pot,42,20.99,9.99,1,1,22,0,0,DSGK0FTP,0,459,1,1,0,10,0,0,0,,2026-04-03,3,"Riverside, California, United States","cultivar/nickname only: Lime Dragon (desc: Hoya ""kerri""; sister listing says Dracaena)",,Hoya Kerri,G23
168284607684,https://www.ebay.com/itm/168284607684,old,Hoya Cummingiana - Live Houseplant - 6-inch Pot,47,30.19,9.99,1,1,22,0,0,952C85CF,0,408,1,1,0,10,0,0,1,,2026-04-03,3,"Riverside, California, United States",,,Hoya Cummingiana,
168284607688,https://www.ebay.com/itm/168284607688,old,Lemon Lime Philodendron - Live Houseplant - 2-inch Pot,54,15.28,9.99,1,1,22,0,0,DSGK0FTP,0,533,1,1,0,10,0,0,0,,2026-04-03,3,"Riverside, California, United States",,,Philodendron Scandens,
168284607690,https://www.ebay.com/itm/168284607690,old,Hoya - Live Houseplant - 4-inch Pot,35,34.8,9.99,1,1,22,0,0,DSGK0FTP,0,467,1,1,0,10,0,0,0,,2026-04-03,3,"Riverside, California, United States",genus/group only: Hoya (desc: Hoya sigillatis),,Hoya sigillatis,
168284607692,https://www.ebay.com/itm/168284607692,old,Marble Queen - Live Houseplant - Standard Pot,45,20.99,9.99,1,1,19,0,0,DSGK0FTP,0,524,1,1,0,10,0,0,0,,2026-04-03,3,"Riverside, California, United States","cultivar/nickname only: Marble Queen (desc: pothos, E. aureum)",,Epipremnum aureum,G12
168284607697,https://www.ebay.com/itm/168284607697,old,Monstera Peru - Live Houseplant - 3-inch Pot,44,19.84,9.99,1,1,22,0,0,THA9FTFJ,0,420,1,1,0,10,0,0,1,,2026-04-03,3,"Riverside, California, United States",,,Monstera Karstenianum,G05
168284607698,https://www.ebay.com/itm/168284607698,old,Moonshine - Live Houseplant - Standard Pot,42,21.0,9.99,1,1,19,0,0,THA9FTFJ,0,454,1,1,0,10,0,0,0,,2026-04-03,3,"Riverside, California, United States",cultivar/nickname only: Moonshine (desc: Hoya carnosa),,Hoya Carnosa,
168284607699,https://www.ebay.com/itm/168284607699,old,Neon Cordatum - Live Houseplant - 4-inch Pot,44,19.84,9.99,1,1,22,0,0,THA9FTFJ,0,474,1,1,0,10,0,0,0,,2026-04-03,3,"Riverside, California, United States","cultivar/nickname only: Neon Cordatum (desc: ""Hoya carnosa subsp. carnosa"")",,Hoya carnosa subsp. carnosa,
168284607700,https://www.ebay.com/itm/168284607700,old,Peace Lily - Live Houseplant - 6-inch Pot,41,23.3,9.99,1,1,22,0,0,THA9FTFJ,0,455,1,1,0,10,0,0,0,,2026-04-03,3,"Riverside, California, United States",,,Spathiphyllum spp.,
168284607704,https://www.ebay.com/itm/168284607704,old,Monstera Constellation - Live Houseplant - 4-inch Pot,53,126.8,9.99,1,1,22,0,0,8B7E989B,0,459,1,1,0,10,0,0,1,,2026-04-03,3,"Riverside, California, United States",,,Monstera deliciosa ‘Thai Constellation’,
168284607705,https://www.ebay.com/itm/168284607705,old,Manjula Pothos - Live Houseplant - 4-inch Pot,45,40.55,9.99,1,1,22,0,0,THA9FTFJ,0,427,1,1,0,10,0,0,0,,2026-04-03,3,"Riverside, California, United States",,,Epipremnum Aureum,
168284607709,https://www.ebay.com/itm/168284607709,old,Philodendron bipennifolium - Live Houseplant - 4-inch Pot,57,53.19,9.99,1,1,22,0,0,475E0F7D,0,333,1,1,0,10,0,0,0,,2026-04-03,3,"Riverside, California, United States",,,,
168284607710,https://www.ebay.com/itm/168284607710,old,Philodendron Pink Princess - Live Houseplant - 4-inch Pot,57,53.19,9.99,1,1,22,0,0,DSGK0FTP,0,462,1,1,0,10,0,0,0,,2026-04-03,3,"Riverside, California, United States",,,Philodendron erubescens,
168284607711,https://www.ebay.com/itm/168284607711,old,Pink Christmas Cactus - Live Houseplant - 4-inch Pot,52,23.29,9.99,1,1,23,0,0,THA9FTFJ,0,472,1,1,0,9,0,1,0,,2026-04-03,3,"Riverside, California, United States",,,Schlumbergera truncata,G24
168284607714,https://www.ebay.com/itm/168284607714,old,Orange Christmas Cactus - Live Houseplant - 4-inch Pot,54,20.99,9.99,1,1,23,0,0,RCO6QPJU,0,422,1,1,0,9,0,1,0,,2026-04-03,3,"Riverside, California, United States",,,Schlumbergera truncata,G24
168284607715,https://www.ebay.com/itm/168284607715,old,Peperomia Hope - Live Houseplant - 6-inch Pot,45,33.64,9.99,1,1,23,0,0,THA9FTFJ,0,482,1,1,0,10,0,0,0,,2026-04-03,3,"Riverside, California, United States",,,Peperomia 'Hope',G18
168284607717,https://www.ebay.com/itm/168284607717,old,Pink Polka - Live Houseplant - 2-inch Pot,41,15.24,9.99,1,1,22,0,0,THA9FTFJ,0,382,1,1,0,10,0,0,0,,2026-04-03,3,"Riverside, California, United States",cultivar/nickname only: Pink Polka (desc: Hoya multiflora),,Hoya Multiflora,
168284607719,https://www.ebay.com/itm/168284607719,old,Prince Of Orange - Live Houseplant - 6-inch Pot,47,31.34,9.99,1,1,22,0,0,A02NAQTU,0,475,1,1,0,10,0,0,0,,2026-04-03,3,"Riverside, California, United States",cultivar/nickname only: Prince Of Orange (desc: Philodendron),,Philodendron 'Prince Of Orange',
168284607722,https://www.ebay.com/itm/168284607722,old,Pink Wandering Jew - Live Houseplant - 6-inch Pot,49,16.39,9.99,1,1,23,0,0,THA9FTFJ,0,472,1,1,0,10,0,0,0,,2026-04-03,3,"Riverside, California, United States",,,Tradescantia zebrina,G26
168284607723,https://www.ebay.com/itm/168284607723,old,Philodendron Bip Aurea - Live Houseplant - 4-inch Pot,53,25.59,9.99,1,1,22,0,0,THA9FTFJ,0,468,1,1,0,10,0,0,0,,2026-04-03,3,"Riverside, California, United States",,,Philodendron Bipinnatifidum,
168284607725,https://www.ebay.com/itm/168284607725,old,Purple Star - Live Houseplant - 6-inch Pot,42,19.85,9.99,1,1,22,0,0,A02NAQTU,0,460,1,1,0,10,0,0,0,,2026-04-03,3,"Riverside, California, United States",cultivar/nickname only: Purple Star (desc: Hoya pubicalyx),,Hoya Pubicalyx,
168284607727,https://www.ebay.com/itm/168284607727,old,Pink Fittonia - Live Houseplant - 4-inch Pot,44,20.25,9.99,1,1,23,0,0,DSGK0FTP,0,480,1,1,0,10,0,0,0,,2026-04-03,3,"Riverside, California, United States",,,Fittonia albivenis,G16
168284607729,https://www.ebay.com/itm/168284607729,old,Rabbit's Foot Fern - Live Houseplant - Standard Pot,51,19.84,9.99,1,1,20,0,0,A02NAQTU,0,528,1,1,0,10,0,0,0,,2026-04-03,3,"Riverside, California, United States",,,Davallia fejeensis,
168284607730,https://www.ebay.com/itm/168284607730,old,Rainbow Anthurium - Live Houseplant - Standard Pot,50,23.29,9.99,1,1,19,0,0,YJ2N2HGZ,0,440,1,1,0,10,0,0,0,,2026-04-03,3,"Riverside, California, United States",,,Anthurium andraeanum,G09
168284607734,https://www.ebay.com/itm/168284607734,old,Red Fittonia - Live Houseplant - 4-inch Pot,43,20.99,9.99,1,1,23,0,0,A02NAQTU,0,576,1,1,0,10,0,0,0,,2026-04-03,3,"Riverside, California, United States",,,Fittonia albivenis,
168284607737,https://www.ebay.com/itm/168284607737,old,Shooting Star - Live Houseplant - 4-inch Pot,44,30.19,9.99,1,1,22,0,0,YJ2N2HGZ,0,470,1,1,0,10,0,0,0,,2026-04-03,3,"Riverside, California, United States",cultivar/nickname only: Shooting Star 4-inch (desc: Dodecatheon meadia),,Dodecatheon meadia,G20
168284607739,https://www.ebay.com/itm/168284607739,old,Plumosa Fern - Live Houseplant - 3-inch Pot,43,15.24,9.99,1,1,23,0,0,A02NAQTU,0,420,1,1,0,10,0,0,0,,2026-04-03,3,"Riverside, California, United States",,,Asparagus setaceus,
168284607740,https://www.ebay.com/itm/168284607740,old,Sansevieria - Live Houseplant - 6-inch Pot,42,26.74,9.99,1,1,22,0,0,A02NAQTU,0,414,1,1,0,10,0,0,0,,2026-04-03,3,"Riverside, California, United States",genus/group only: Sansevieria (desc: S. zeylanica),,Sansevieria Zeylanica,G11
168284607742,https://www.ebay.com/itm/168284607742,old,Rare Black Raven ZZ - Live Houseplant - 4-inch Pot,50,31.34,9.99,1,1,22,0,0,HIEJN8L4,0,448,1,1,0,10,0,0,0,,2026-04-03,3,"Riverside, California, United States",,,Zamioculcas zamiifolia,
168284607744,https://www.ebay.com/itm/168284607744,old,Schefflera - Live Houseplant - 4-inch Pot,41,20.99,9.99,1,1,23,0,0,A02NAQTU,0,425,1,1,0,10,0,0,1,,2026-04-03,3,"Riverside, California, United States",genus/group only: Schefflera (desc: S. actinophylla),,Schefflera actinophylla,
168284607745,https://www.ebay.com/itm/168284607745,old,Red Christmas Cactus - Live Houseplant - 4-inch Pot,51,20.99,9.99,1,1,23,0,0,HIEJN8L4,0,472,1,1,0,10,0,0,0,,2026-04-03,3,"Riverside, California, United States",,,Schlumbergera truncate,G24
168284607749,https://www.ebay.com/itm/168284607749,old,Silver Dollar Vine - Live Houseplant - 4-inch Pot,49,29.04,9.99,1,1,22,0,0,HIEJN8L4,0,467,1,1,0,10,0,0,1,1,2026-04-03,3,"Riverside, California, United States",,,Senecio radicans,
168284607750,https://www.ebay.com/itm/168284607750,old,Shooting Star - Live Houseplant - 6-inch Pot,44,45.14,9.99,1,1,22,0,0,HIEJN8L4,0,477,1,1,0,10,0,0,0,,2026-04-03,3,"Riverside, California, United States",cultivar/nickname only: Shooting Star 6-inch (desc: Dodecatheon meadia),,Dodecatheon Meadia,G20
168284607751,https://www.ebay.com/itm/168284607751,old,Silver Moon - Live Houseplant - 4-inch Pot,42,20.99,9.99,1,1,22,0,0,HIEJN8L4,0,510,1,1,0,10,0,0,0,,2026-04-03,3,"Riverside, California, United States",cultivar/nickname only: Silver Moon (desc: Hoya finlayoniana),,Hoya Finlayoniana,
168284607753,https://www.ebay.com/itm/168284607753,old,Spring Cactus - Live Houseplant - 4-inch Pot,44,22.14,9.99,1,1,23,0,0,YJ2N2HGZ,0,411,1,1,0,10,0,0,0,,2026-04-03,3,"Riverside, California, United States",,,Hatiora gaertneri,
168284607754,https://www.ebay.com/itm/168284607754,old,Syngonium Batik - Live Houseplant - 4-inch Pot,46,29.62,9.99,1,1,22,0,0,YJ2N2HGZ,0,464,1,1,0,10,0,0,0,,2026-04-03,3,"Riverside, California, United States",,,Syngonium Podophyllum,G07
168284607756,https://www.ebay.com/itm/168284607756,old,Siltepecana El Salvador - Live Houseplant - 4-inch Pot,54,34.79,9.99,1,1,22,0,0,YJ2N2HGZ,0,461,1,1,0,10,0,0,0,,2026-04-03,3,"Riverside, California, United States",cultivar/nickname only: Siltepecana El Salvador (species only; desc says Hoya),,Hoya siltepecana,G15
168284607757,https://www.ebay.com/itm/168284607757,old,Syngonium Pink Splash - Live Houseplant - 4-inch Pot,52,29.04,9.99,1,1,22,0,0,HIEJN8L4,0,435,1,1,0,10,0,0,0,,2026-04-03,3,"Riverside, California, United States",,,Syngonium podophyllum,G06
168284607758,https://www.ebay.com/itm/168284607758,old,Texas Ebony - Live Houseplant - 4-inch Pot,42,24.44,9.99,1,1,22,0,0,YJ2N2HGZ,0,460,1,1,0,8,0,2,2,,2026-04-03,3,"Riverside, California, United States",,,Prosopis texana,
168284607767,https://www.ebay.com/itm/168284607767,old,Wandering Jew - Live Houseplant - 6-inch Pot,44,19.84,9.99,1,1,23,0,0,A02NAQTU,0,421,1,1,0,10,0,0,0,,2026-04-03,3,"Riverside, California, United States",,,Tradescantia zebrina,G26
168284607769,https://www.ebay.com/itm/168284607769,old,White Polka - Live Houseplant - 2-inch Pot,42,15.24,9.99,1,1,22,0,0,HIEJN8L4,0,429,1,1,0,10,0,0,0,,2026-04-03,3,"Riverside, California, United States",cultivar/nickname only: White Polka (desc: Aglaonema 'White Polka'),,Aglaonema 'White Polka',
168284607771,https://www.ebay.com/itm/168284607771,old,Tropical Snow - Live Houseplant - 4-inch Pot,44,20.99,9.99,1,1,22,0,0,HIEJN8L4,0,404,1,1,0,10,0,0,1,,2026-04-03,3,"Riverside, California, United States",cultivar/nickname only: Tropical Snow (desc: Aglaonema 'Tropical Snow'),,Aglaonema 'Tropical Snow',
168284607773,https://www.ebay.com/itm/168284607773,old,Variegated Hoya Wayetii - Live Houseplant - 4-inch Pot,54,29.04,9.99,1,1,22,0,0,A02NAQTU,0,477,1,1,0,10,0,0,0,,2026-04-03,3,"Riverside, California, United States",,,Hoya Wayetii,
168284607775,https://www.ebay.com/itm/168284607775,old,Variegated Ficus - Live Houseplant - 6-inch Pot,47,30.19,9.99,1,1,22,0,0,YJ2N2HGZ,0,478,1,1,0,10,0,0,2,,2026-04-03,3,"Riverside, California, United States",,,Ficus elastica,
168284607777,https://www.ebay.com/itm/168284607777,old,Variegated Ming Aralia - Live Houseplant - 4-inch Pot,53,22.14,9.99,1,1,23,0,0,YJ2N2HGZ,0,539,1,1,0,10,0,0,6,,2026-04-03,3,"Riverside, California, United States",,,Polyscias Fruticosa,
168578976209,https://www.ebay.com/itm/168578976209,new,Neon Pothos 4 in Live Houseplant | Epipremnum Aureum Neon,57,16.49,6.99,0,2,14,1,1,,0,694,0,0,1,9,0,0,0,,2026-08-01,2,"Jurupa Valley, CA, United States",,,,
168578976210,https://www.ebay.com/itm/168578976210,new,Mini Monstera 4 in Live Houseplant | Rhaphidophora Tetrasperma,62,16.99,6.99,0,2,14,1,1,,0,680,0,0,1,11,1,0,2,,2026-08-01,2,"Jurupa Valley, CA, United States",,,,G19
168578976211,https://www.ebay.com/itm/168578976211,new,Syngonium Mojito 4 in Live Houseplant | Rare Variegated Arrowhead Plant,71,23.99,6.99,0,2,14,1,1,,0,722,0,0,1,11,1,0,0,,2026-08-01,2,"Jurupa Valley, CA, United States",,,,
168578976212,https://www.ebay.com/itm/168578976212,new,Monstera Peru 4 in Live Houseplant | Monstera Karstenianum,58,17.99,6.99,0,2,14,1,1,,0,641,0,0,1,11,1,0,0,,2026-08-01,2,"Jurupa Valley, CA, United States",,,,G21
168578976213,https://www.ebay.com/itm/168578976213,new-nonstandard,Syngonium Auritum Tri-Leaf Wonder Plant,39,21.99,6.99,0,2,14,1,1,,0,718,0,0,1,11,1,0,0,,2026-08-01,2,"Jurupa Valley, CA, United States",,,,
168578976214,https://www.ebay.com/itm/168578976214,new,Green Queen Pothos 6 in Live Houseplant | Epipremnum Aureum,59,23.99,6.99,0,2,15,1,1,,0,716,0,0,1,11,1,0,0,,2026-08-01,2,"Jurupa Valley, CA, United States",,,,
168578976215,https://www.ebay.com/itm/168578976215,new,Sansevieria Moonshine 6 in Live Houseplant | Silver Snake Plant,63,18.99,6.99,0,2,15,1,1,,0,637,0,0,1,11,1,0,0,,2026-08-01,2,"Jurupa Valley, CA, United States",,,,
168578976216,https://www.ebay.com/itm/168578976216,new,Mini Monstera 8 in Live Houseplant | Rhaphidophora Tetrasperma,62,27.99,6.99,0,2,14,1,1,,0,718,0,0,1,11,1,0,0,,2026-08-01,2,"Jurupa Valley, CA, United States",,,,G19
168578976217,https://www.ebay.com/itm/168578976217,new,Syngonium Chiapense 4 in Live Houseplant | Rare Arrowhead Plant,63,21.99,6.99,0,2,14,1,1,,0,643,0,0,1,5,0,0,1,,2026-08-01,2,"Jurupa Valley, CA, United States",,,,
168578976218,https://www.ebay.com/itm/168578976218,new,ZZ Plant Zamifolia 8 in Live Houseplant | Zamioculcas Zamiifolia,64,34.99,6.99,0,2,14,1,1,,0,686,0,0,1,11,1,1,0,,2026-08-01,2,"Jurupa Valley, CA, United States",,"""Zamifolia"" (variant spelling of Zamiifolia; also specific ""Zz Plant Zamifolia"")",,G22
168578976219,https://www.ebay.com/itm/168578976219,new,Syngonium Pink Splash 4 in Live Houseplant | Arrowhead Plant,60,24.99,6.99,0,2,15,1,1,,0,677,0,0,1,11,1,0,0,,2026-08-01,2,"Jurupa Valley, CA, United States",,,,G06
168578976220,https://www.ebay.com/itm/168578976220,new,Syngonium Aurea 4 in Live Houseplant | Rare Variegated Arrowhead Plant,70,34.99,6.99,0,2,14,1,1,,0,674,0,0,1,5,0,0,1,,2026-08-01,2,"Jurupa Valley, CA, United States",,,,
168578976221,https://www.ebay.com/itm/168578976221,new,Pothos Devils Ivy Queen 4 in Live Houseplant | Epipremnum Aureum,64,15.99,6.99,0,2,14,1,1,,0,690,0,0,1,11,1,0,0,,2026-08-01,2,"Jurupa Valley, CA, United States",,,,
168578976222,https://www.ebay.com/itm/168578976222,new,Monstera Siltepecana 4 in Live Houseplant | Silver Monstera,59,21.99,6.99,0,2,15,1,1,,0,713,0,0,1,11,1,0,0,,2026-08-01,2,"Jurupa Valley, CA, United States",,,,G15
168578976223,https://www.ebay.com/itm/168578976223,new-nonstandard,Hoya Kerrii 4 in Variegated 1 Heart Leaf Live Succulent Heart Plant Easy Care,77,21.99,6.99,0,4,14,1,1,,0,484,0,0,1,11,1,0,0,,2026-08-01,2,"Jurupa Valley, CA, United States",,,,G04
168578976224,https://www.ebay.com/itm/168578976224,new,Hoya Hindu Rope Variegated 2 in Live Houseplant | Hoya Carnosa Compacta,71,13.99,6.99,0,2,14,1,1,,0,611,0,0,1,11,1,3,10,1,2026-08-01,2,"Jurupa Valley, CA, United States",,,,G27
168578976225,https://www.ebay.com/itm/168578976225,new,Yellow Bromeliad 4 in Live Houseplant | Tropical Flowering Plant,64,18.99,6.99,0,2,14,0,1,,0,664,0,0,1,11,1,0,0,,2026-08-01,2,"Jurupa Valley, CA, United States",,,,G25
168578976226,https://www.ebay.com/itm/168578976226,new,Hoya Sunrise 4 in Live Houseplant | Rare Hoya | Easy Care Indoor Vining Plant,77,18.99,6.99,0,3,14,1,1,,0,557,0,0,1,11,1,0,0,,2026-08-01,2,"Jurupa Valley, CA, United States",,,,G08
168578976227,https://www.ebay.com/itm/168578976227,new,Sansevieria Zeylanica 6 in Live Houseplant | Bowstring Hemp Snake Plant,71,23.99,6.99,0,2,14,1,1,,0,723,0,0,1,11,1,0,0,,2026-08-01,2,"Jurupa Valley, CA, United States",,,,G11
168578976228,https://www.ebay.com/itm/168578976228,new,Dieffenbachia Compacta 4 in Live Houseplant | Dumb Cane,55,18.99,6.99,0,2,14,1,1,,0,571,0,0,1,11,1,0,3,,2026-08-01,2,"Jurupa Valley, CA, United States",,,,
168578976230,https://www.ebay.com/itm/168578976230,new,Birkin Philodendron Variegated 4 in Live Houseplant Rare Variegated Philodendron,80,16.99,6.99,0,2,14,1,1,,0,684,0,0,1,11,1,0,0,,2026-08-01,2,"Jurupa Valley, CA, United States",,,,
168578976231,https://www.ebay.com/itm/168578976231,new,Hoya Australis Lisa 4 in Live Houseplant | Variegated Hoya,58,16.99,6.99,0,2,14,1,1,,0,552,0,0,1,11,1,0,0,,2026-08-01,2,"Jurupa Valley, CA, United States",,,,
168578976232,https://www.ebay.com/itm/168578976232,new,Red Anthurium Plant 4 in Live Houseplant | Flamingo Flower,58,18.99,6.99,0,4,15,1,1,,0,559,0,0,1,11,1,0,2,,2026-08-01,2,"Jurupa Valley, CA, United States",,,,
168578976233,https://www.ebay.com/itm/168578976233,new,Purple Bromeliad 4 in Live Houseplant | Tropical Flowering Plant,64,18.0,6.99,0,2,14,0,1,,0,686,0,0,1,5,0,0,0,,2026-08-01,2,"Jurupa Valley, CA, United States",,,,G25
168578976234,https://www.ebay.com/itm/168578976234,new,Philodendron Red Back 4 in Live Houseplant | Rare Philodendron,62,17.99,6.99,0,2,15,1,1,,0,665,0,0,1,11,1,0,0,,2026-08-01,2,"Jurupa Valley, CA, United States",,,,
168578976235,https://www.ebay.com/itm/168578976235,new,Chinese Money Plant 4 in Live Houseplant | Pilea Peperomioides,62,21.99,6.99,0,5,14,1,1,,0,527,0,0,1,11,1,0,0,,2026-08-01,2,"Jurupa Valley, CA, United States",,,,
168578976236,https://www.ebay.com/itm/168578976236,new,Calathea Peacock Makoyana 4 in Live Houseplant | Cathedral Windows Plant,72,16.99,6.99,0,2,14,1,1,,0,670,0,0,1,11,1,0,0,,2026-08-01,2,"Jurupa Valley, CA, United States",,,,
168578976237,https://www.ebay.com/itm/168578976237,new,Satin Pothos 4 in Live Houseplant | Scindapsus Pictus,53,16.99,6.99,0,2,14,1,1,,0,681,0,0,1,11,1,0,0,,2026-08-01,2,"Jurupa Valley, CA, United States",,,,G02
168578976238,https://www.ebay.com/itm/168578976238,new,Rainbow Anthurium 4 in Live Houseplant | Flamingo Flower,56,18.99,6.99,0,2,14,1,1,,0,560,0,0,1,11,1,0,0,,2026-08-01,2,"Jurupa Valley, CA, United States",,,,G09
168578976239,https://www.ebay.com/itm/168578976239,new,Calathea Setosa Grey Star 4 in Live Houseplant | Prayer Plant,61,18.99,6.99,0,2,15,1,1,,0,697,0,0,1,11,1,1,3,1,2026-08-01,2,"Jurupa Valley, CA, United States",,,,
168578976240,https://www.ebay.com/itm/168578976240,new,Strawberry Syngonium 3 in Live Houseplant | Arrowhead Plant,59,12.99,6.99,0,2,14,1,1,,0,589,0,0,1,11,1,0,1,,2026-08-01,2,"Jurupa Valley, CA, United States",,,,
168578976241,https://www.ebay.com/itm/168578976241,new,Hoya Carnosa (Jade Wax) 4 in Live Houseplant | Wax Plant,56,17.99,6.99,0,3,14,1,1,,0,529,0,0,1,11,1,0,0,,2026-08-01,2,"Jurupa Valley, CA, United States",,,,G10
168578976242,https://www.ebay.com/itm/168578976242,new,Purple Anthurium 4 in Live Houseplant | Flamingo Flower,55,18.99,6.99,0,2,15,1,1,,0,558,0,0,1,11,1,0,0,,2026-08-01,2,"Jurupa Valley, CA, United States",,,,
168578976243,https://www.ebay.com/itm/168578976243,new,Sansevieria Sol Radiante 4 in Live Houseplant | Rare Snake Plant,64,16.99,6.99,0,2,14,1,1,,0,731,0,0,1,11,1,0,0,,2026-08-01,2,"Jurupa Valley, CA, United States",,,,
168578976244,https://www.ebay.com/itm/168578976244,new,Red Bromeliad 4 in Live Houseplant | Tropical Flowering Plant,61,17.5,6.99,0,2,14,0,1,,0,663,0,0,1,11,1,0,0,,2026-08-01,2,"Jurupa Valley, CA, United States",,,,G25
168578976245,https://www.ebay.com/itm/168578976245,new,Golden Pothos 4 in Live Houseplant | Epipremnum Aureum,54,16.99,6.99,0,2,14,1,1,,0,745,0,0,1,11,1,0,0,,2026-08-01,2,"Jurupa Valley, CA, United States",,,,
168578976246,https://www.ebay.com/itm/168578976246,new,Monstera Split Leaf 6 in Live Houseplant | Monstera Deliciosa,61,17.99,6.99,0,2,14,1,1,,0,665,0,0,1,11,1,0,0,,2026-08-01,2,"Jurupa Valley, CA, United States",,,,
168578976247,https://www.ebay.com/itm/168578976247,new,Cebu Blue Pothos 3 in Live Houseplant | Epipremnum Pinnatum,59,15.99,6.99,0,2,14,1,1,,0,687,0,0,1,11,1,0,0,,2026-08-01,2,"Jurupa Valley, CA, United States",,,,
168578976248,https://www.ebay.com/itm/168578976248,new,Philodendron Micans 4 in Live Houseplant | Velvet Leaf Philodendron,67,15.99,6.99,0,2,14,1,1,,0,600,0,0,1,11,1,0,2,,2026-08-01,2,"Jurupa Valley, CA, United States",,,,
168578976249,https://www.ebay.com/itm/168578976249,new,Lemon Lime Maranta Prayer Plant 3 in Live Houseplant | Maranta Leuconeura,73,10.99,6.99,0,2,14,1,1,,0,626,0,0,1,11,1,1,2,,2026-08-01,2,"Jurupa Valley, CA, United States",,,,
168578976250,https://www.ebay.com/itm/168578976250,new,Syngonium Batik 4 in Live Houseplant | Rare Arrowhead Plant,59,25.99,6.99,0,2,14,1,1,,0,679,0,0,1,10,0,0,0,,2026-08-01,2,"Jurupa Valley, CA, United States",,,,G07
168578976251,https://www.ebay.com/itm/168578976251,new,Monstera Peru 3 in Live Houseplant | Monstera Karstenianum,58,17.5,6.99,0,2,14,1,1,,0,641,0,0,1,11,1,0,0,,2026-08-01,2,"Jurupa Valley, CA, United States",,,,G05;G21
168578976252,https://www.ebay.com/itm/168578976252,new,ZZ Plant 2 in Live Houseplant | Zamioculcas Zamiifolia,54,12.99,6.99,0,2,14,1,1,,0,717,0,0,1,11,1,0,1,,2026-08-01,2,"Jurupa Valley, CA, United States",,,,G01;G22
168578976254,https://www.ebay.com/itm/168578976254,new,Philodendron Emerald Red 6 in Live Houseplant | Rare Philodendron,65,25.99,6.99,0,2,15,1,1,,0,617,0,0,1,11,1,0,0,,2026-08-01,2,"Jurupa Valley, CA, United States",,,,
168578976255,https://www.ebay.com/itm/168578976255,new,Red Maranta Prayer Plant 4 in Live Houseplant | Maranta Leuconeura,66,12.99,6.99,0,2,15,1,1,,0,604,0,0,1,11,1,0,0,,2026-08-01,2,"Jurupa Valley, CA, United States",,,,
168578976256,https://www.ebay.com/itm/168578976256,new,Peperomia Rosso 4 in Live Houseplant | Emerald Ripple Peperomia,63,16.99,6.99,0,2,14,1,1,,0,613,0,0,1,11,1,0,0,,2026-08-01,2,"Jurupa Valley, CA, United States",,,,
168578976257,https://www.ebay.com/itm/168578976257,new,Philodendron Brasil 6 in Live Houseplant | Variegated Heartleaf Philodendron,76,18.99,6.99,0,2,14,1,1,,0,730,0,0,1,11,1,0,0,,2026-08-01,2,"Jurupa Valley, CA, United States",,,,
168578976258,https://www.ebay.com/itm/168578976258,new,Creamsicle Plant 4 in Live Houseplant | Rare Tropical Indoor Plant,66,16.99,6.99,0,2,8,0,0,,0,595,0,0,1,10,0,0,0,,2026-08-01,2,"Jurupa Valley, CA, United States","cultivar/nickname only: Creamsicle Plant (new template, no botanical info anywhere)",,,G13
168578976259,https://www.ebay.com/itm/168578976259,new,Rat Tail Succulent 3 in Live Houseplant | Aporocactus Flagelliformis,68,12.99,6.99,0,2,14,1,1,,0,651,0,0,1,11,1,0,0,,2026-08-01,2,"Jurupa Valley, CA, United States",,,,
168578976260,https://www.ebay.com/itm/168578976260,new,Monstera Laniata 3 in Live Houseplant | Rare Monstera,53,13.99,6.99,0,2,14,1,1,,0,646,0,0,1,11,1,0,0,,2026-08-01,2,"Jurupa Valley, CA, United States",,,,
168578976261,https://www.ebay.com/itm/168578976261,new,Haworthia Zebra 4 in Live Houseplant | Zebra Cactus,51,15.99,6.99,0,2,14,1,1,,0,687,0,0,1,11,1,0,0,,2026-08-01,2,"Jurupa Valley, CA, United States",,,,G17
168578976262,https://www.ebay.com/itm/168578976262,new,Pink Fittonia 3 in Live Houseplant | Nerve Plant,48,12.99,6.99,0,2,15,1,1,,0,615,0,0,1,11,1,0,0,,2026-08-01,2,"Jurupa Valley, CA, United States",,,,G16
168578976263,https://www.ebay.com/itm/168578976263,new,Peperomia Hope 4 in Live Houseplant | Trailing Peperomia,56,16.99,6.99,0,2,14,1,1,,0,645,0,0,1,11,1,0,0,,2026-08-01,2,"Jurupa Valley, CA, United States",,,,G18
168578976265,https://www.ebay.com/itm/168578976265,new,Sansevieria Superba 4 in Live Houseplant | Snake Plant,54,16.99,6.99,0,2,14,1,1,,0,635,0,0,1,11,1,0,0,,2026-08-01,2,"Jurupa Valley, CA, United States",,,,
168578976266,https://www.ebay.com/itm/168578976266,new,Marble Queen Pothos 4 in Live Houseplant | Epipremnum Aureum,60,15.99,6.99,0,2,14,1,1,,0,663,0,0,1,11,1,0,0,,2026-08-01,2,"Jurupa Valley, CA, United States",,,,G12
168578976268,https://www.ebay.com/itm/168578976268,new,Calathea Rattlesnake 4 in Live Houseplant | Lancifolia Prayer Plant,67,17.99,6.99,0,2,14,1,1,,0,687,0,0,1,11,1,0,0,,2026-08-01,2,"Jurupa Valley, CA, United States",,,,
168578976269,https://www.ebay.com/itm/168578976269,new,Everblooming Gardenia 4 in Live Houseplant | Gardenia Jasminoides,65,12.99,6.99,0,2,14,1,1,,0,631,0,0,1,11,1,0,1,,2026-08-01,2,"Jurupa Valley, CA, United States",,,,
168578976270,https://www.ebay.com/itm/168578976270,new,Satin Pothos 4 in Live Houseplant | Scindapsus Pictus,53,16.99,6.99,0,2,14,1,1,,0,548,0,0,1,11,1,0,0,,2026-08-01,2,"Jurupa Valley, CA, United States",,,,G02
168578976271,https://www.ebay.com/itm/168578976271,new,ZZ Plant 2 in Live Houseplant | Zamioculcas Zamiifolia,54,12.99,6.99,0,2,14,1,1,,0,562,0,0,1,11,1,0,0,,2026-08-01,2,"Jurupa Valley, CA, United States",,,,G01
168578976272,https://www.ebay.com/itm/168578976272,new,Chinese Evergreen Lady Valentine 4 in Live Houseplant | Aglaonema,65,20.99,6.99,0,2,15,1,1,,0,645,0,0,1,11,1,0,0,,2026-08-01,2,"Jurupa Valley, CA, United States",,,,
168578976273,https://www.ebay.com/itm/168578976273,new,Curly Sue 4 in Live Houseplant | Unique Curly Leaf Plant,56,22.99,6.99,0,3,7,0,0,,0,478,0,0,1,11,1,0,0,,2026-08-01,2,"Jurupa Valley, CA, United States","cultivar/nickname only: Curly Sue (new template, no botanical info anywhere)",,,G14
168578976274,https://www.ebay.com/itm/168578976274,new,Watermelon Peperomia (Stilt) 4 in Live Houseplant | Peperomia Argyreia,70,18.99,6.99,0,2,14,1,1,,0,583,0,0,1,11,1,0,0,,2026-08-01,2,"Jurupa Valley, CA, United States",,,,
168578976275,https://www.ebay.com/itm/168578976275,new,Christmas Cactus 4 in Live Flowering Cactus | Surprise Color,60,17.99,6.99,0,3,13,1,1,,0,636,0,0,1,11,1,0,0,,2026-08-01,2,"Jurupa Valley, CA, United States",,,,G24
168578976276,https://www.ebay.com/itm/168578976276,new,Ming Aralia Variegated 4 in Live Houseplant | Polyscias Fruticosa,65,26.99,6.99,0,3,14,1,1,,0,575,0,0,1,11,1,0,3,,2026-08-01,2,"Jurupa Valley, CA, United States",,,,
