query,N,reported,cards_on_page,owner_listings_on_page,owner_ranks_in_N,owner_best_rank,this_rank,this_in_N,item_id,title,price,ship,delivered,pot_in,bo,kind,exact_phrase,all_words,n_comparable,n_cheaper,cheapest,owner_price_rank_among_comp,comp_min,comp_median,owner_vs_comp_median,n_comp_same_size,n_cheaper_same_size,cheapest_same_size,comp_median_same_size,n_cheaper_item_price_only
calathea rattlesnake,53,53,53,1,7,7.0,7.0,True,168578976268,Calathea Rattlesnake 4 in Live Houseplant | Lancifolia Prayer Plant,17.99,6.99,24.979999999999997,4.0,False,plant,True,True,26.0,4.0,False,5.0,16.98,35.125,0.7111743772241992,15.0,2.0,False,38.69,3.0
calathea setosa,119,119,119,1,1,1.0,1.0,True,168578976239,Calathea Setosa Grey Star 4 in Live Houseplant | Prayer Plant,18.99,6.99,25.979999999999997,4.0,False,plant,True,True,1.0,0.0,True,1.0,34.0,34.0,0.7641176470588235,0.0,0.0,False,,0.0
cebu blue pothos,85,85,85,1,52,52.0,52.0,True,168578976247,Cebu Blue Pothos 3 in Live Houseplant | Epipremnum Pinnatum,15.99,6.99,22.98,3.0,False,plant,True,True,38.0,15.0,False,16.0,11.99,25.525,0.9002938295788443,5.0,4.0,False,11.99,16.0
christmas cactus,120,1000,120,0,,,,,,,,,,,,,,,,,,,,,,,,,,
hoya australis lisa,120,150,120,1,27,27.0,27.0,True,168578976231,Hoya Australis Lisa 4 in Live Houseplant | Variegated Hoya,16.99,6.99,23.979999999999997,4.0,False,plant,True,True,25.0,4.0,False,5.0,21.9,30.939999999999998,0.7750484809308338,8.0,1.0,False,34.495000000000005,11.0
hoya carnosa compacta,69,69,69,1,5,5.0,5.0,True,168578976224,Hoya Hindu Rope Variegated 2 in Live Houseplant | Hoya Carnosa Compacta,13.99,6.99,20.98,2.0,False,plant,True,True,38.0,4.0,False,5.0,19.99,33.93,0.6183318597111701,7.0,3.0,False,21.9,3.0
hoya cummingiana,120,1200,120,1,5,5.0,5.0,True,168284607684,Hoya Cummingiana - Live Houseplant - 6-inch Pot,30.19,9.99,40.18,6.0,True,plant,True,True,3.0,1.0,False,2.0,36.99,58.99,0.6811323953212408,0.0,0.0,False,,0.0
hoya kerrii,120,643,120,2,"88,95",88.0,88.0,True,168578976223,Hoya Kerrii 4 in Variegated 1 Heart Leaf Live Succulent Heart Plant Easy Care,21.99,6.99,28.979999999999997,4.0,False,plant,True,True,74.0,10.0,False,11.0,17.48,38.224999999999994,0.7581425768476129,18.0,3.0,False,41.485,15.0
hoya kerrii,120,643,120,2,"88,95",88.0,95.0,True,168284607681,Hoya Kerrii - Live Houseplant - 4-inch Pot,22.14,9.99,32.13,4.0,True,plant,True,True,74.0,19.0,False,20.0,17.48,38.224999999999994,0.8405493786788752,18.0,6.0,False,41.485,17.0
monstera peru,56,56,56,3,"33,36,43",33.0,33.0,True,168578976251,Monstera Peru 3 in Live Houseplant | Monstera Karstenianum,17.5,6.99,24.490000000000002,3.0,False,plant,True,True,31.0,4.0,False,5.0,12.99,44.6,0.549103139013453,5.0,2.0,False,25.97,4.0
monstera peru,56,56,56,3,"33,36,43",33.0,36.0,True,168578976212,Monstera Peru 4 in Live Houseplant | Monstera Karstenianum,17.99,6.99,24.979999999999997,4.0,False,plant,True,True,31.0,5.0,False,6.0,12.99,44.6,0.5600896860986546,9.0,3.0,False,63.0,4.0
monstera peru,56,56,56,3,"33,36,43",33.0,43.0,True,168284607697,Monstera Peru - Live Houseplant - 3-inch Pot,19.84,9.99,29.83,3.0,True,plant,True,True,31.0,8.0,False,9.0,12.99,44.6,0.6688340807174887,5.0,4.0,False,25.97,4.0
monstera siltepecana,63,63,63,1,21,21.0,21.0,True,168578976222,Monstera Siltepecana 4 in Live Houseplant | Silver Monstera,21.99,6.99,28.979999999999997,4.0,False,plant,True,True,13.0,6.0,False,7.0,19.9,29.99,0.9663221073691229,5.0,1.0,False,37.9,8.0
peperomia hope,57,57,57,2,"17,23",17.0,17.0,True,168578976263,Peperomia Hope 4 in Live Houseplant | Trailing Peperomia,16.99,6.99,23.979999999999997,4.0,False,plant,True,True,20.0,8.0,False,9.0,11.98,26.695,0.898295560966473,12.0,2.0,False,29.99,7.0
peperomia hope,57,57,57,2,"17,23",17.0,23.0,True,168284607715,Peperomia Hope - Live Houseplant - 6-inch Pot,33.64,9.99,43.63,6.0,True,plant,True,True,20.0,18.0,False,19.0,11.98,26.695,1.63438846225885,1.0,1.0,False,18.99,17.0
philodendron brasil,120,169,120,1,49,49.0,49.0,True,168578976257,Philodendron Brasil 6 in Live Houseplant | Variegated Heartleaf Philodendron,18.99,6.99,25.979999999999997,6.0,False,plant,True,True,61.0,32.0,False,33.0,10.68,24.78,1.0484261501210652,5.0,1.0,False,46.8,35.0
philodendron micans,111,111,111,1,48,48.0,48.0,True,168578976248,Philodendron Micans 4 in Live Houseplant | Velvet Leaf Philodendron,15.99,6.99,22.98,4.0,False,plant,True,True,61.0,10.0,False,11.0,14.9,42.879999999999995,0.5359141791044777,9.0,0.0,True,31.619999999999997,16.0
philodendron pink princess,120,164,120,1,94,94.0,94.0,True,168284607710,Philodendron Pink Princess - Live Houseplant - 4-inch Pot,53.19,9.99,63.18,4.0,True,plant,True,True,82.0,54.0,False,55.0,19.99,46.075,1.3712425393380356,18.0,13.0,False,48.56,52.0
pilea peperomioides,120,164,120,1,48,48.0,48.0,True,168578976235,Chinese Money Plant 4 in Live Houseplant | Pilea Peperomioides,21.99,6.99,28.979999999999997,4.0,False,plant,True,True,89.0,53.0,False,54.0,10.49,25.98,1.115473441108545,29.0,17.0,False,25.1,48.0
raven zz plant,46,46,129,4,27,27.0,27.0,True,168284607742,Rare Black Raven ZZ - Live Houseplant - 4-inch Pot,31.34,9.99,41.33,4.0,True,plant,False,False,34.0,20.0,False,21.0,16.990000000000002,37.8,1.0933862433862434,5.0,3.0,False,40.940000000000005,21.0
raven zz plant,46,46,129,4,27,27.0,76.0,False,168578976271,ZZ Plant 2 in Live Houseplant | Zamioculcas Zamiifolia,12.99,6.99,19.98,2.0,False,plant,False,False,,,,,,,,,,,,
raven zz plant,46,46,129,4,27,27.0,82.0,False,168578976218,ZZ Plant Zamifolia 8 in Live Houseplant | Zamioculcas Zamiifolia,34.99,6.99,41.980000000000004,8.0,False,plant,False,False,,,,,,,,,,,,
raven zz plant,46,46,129,4,27,27.0,114.0,False,168578976252,ZZ Plant 2 in Live Houseplant | Zamioculcas Zamiifolia,12.99,6.99,19.98,2.0,False,plant,False,False,,,,,,,,,,,,
rhaphidophora tetrasperma,63,63,63,2,"21,28",21.0,21.0,True,168578976210,Mini Monstera 4 in Live Houseplant | Rhaphidophora Tetrasperma,16.99,6.99,23.979999999999997,4.0,False,plant,True,True,45.0,3.0,False,4.0,11.88,69.99,0.3426203743391913,7.0,1.0,False,34.99,9.0
rhaphidophora tetrasperma,63,63,63,2,"21,28",21.0,28.0,True,168578976216,Mini Monstera 8 in Live Houseplant | Rhaphidophora Tetrasperma,27.99,6.99,34.98,8.0,False,plant,True,True,45.0,12.0,False,13.0,11.88,69.99,0.4997856836690956,0.0,0.0,False,,11.0
sansevieria moonshine,92,92,92,1,18,18.0,18.0,True,168578976215,Sansevieria Moonshine 6 in Live Houseplant | Silver Snake Plant,18.99,6.99,25.979999999999997,6.0,False,plant,True,True,67.0,9.0,False,10.0,13.55,59.0,0.4403389830508474,7.0,0.0,True,34.98,13.0
satin pothos,116,116,116,2,"43,54",43.0,43.0,True,168578976270,Satin Pothos 4 in Live Houseplant | Scindapsus Pictus,16.99,6.99,23.979999999999997,4.0,False,plant,True,True,40.0,9.0,False,10.0,13.98,35.025,0.6846538187009279,12.0,6.0,False,23.689999999999998,11.0
satin pothos,116,116,116,2,"43,54",43.0,54.0,True,168578976237,Satin Pothos 4 in Live Houseplant | Scindapsus Pictus,16.99,6.99,23.979999999999997,4.0,False,plant,True,True,40.0,9.0,False,10.0,13.98,35.025,0.6846538187009279,12.0,6.0,False,23.689999999999998,11.0
syngonium chiapense,120,208,120,2,"20,97",20.0,20.0,True,168578976217,Syngonium Chiapense 4 in Live Houseplant | Rare Arrowhead Plant,21.99,6.99,28.979999999999997,4.0,False,plant,True,True,16.0,1.0,False,2.0,24.9,47.0,0.616595744680851,5.0,0.0,True,42.0,0.0
syngonium chiapense,120,208,120,2,"20,97",20.0,97.0,True,168578976213,Syngonium Auritum Tri-Leaf Wonder Plant,21.99,6.99,28.979999999999997,,False,plant,False,False,16.0,1.0,False,2.0,24.9,47.0,0.616595744680851,,,,,0.0
syngonium mojito,21,21,132,1,10,10.0,10.0,True,168578976211,Syngonium Mojito 4 in Live Houseplant | Rare Variegated Arrowhead Plant,23.99,6.99,30.979999999999997,4.0,False,plant,True,True,13.0,2.0,False,3.0,20.990000000000002,42.99,0.7206327052802977,3.0,1.0,False,42.99,3.0
texas ebony plant,8,8,122,1,6,6.0,6.0,True,168284607758,Texas Ebony - Live Houseplant - 4-inch Pot,24.44,9.99,34.43,4.0,True,plant,False,False,0.0,0.0,False,,,,,0.0,0.0,False,,0.0
watermelon peperomia,39,39,126,2,3,3.0,3.0,True,168578976274,Watermelon Peperomia (Stilt) 4 in Live Houseplant | Peperomia Argyreia,18.99,6.99,25.979999999999997,4.0,False,plant,True,True,27.0,4.0,False,5.0,22.9,35.7,0.7277310924369746,16.0,2.0,False,33.06,6.0
watermelon peperomia,39,39,126,2,3,3.0,120.0,False,168578976256,Peperomia Rosso 4 in Live Houseplant | Emerald Ripple Peperomia,16.99,6.99,23.979999999999997,4.0,False,plant,False,False,,,,,,,,,,,,
