plant,owner_etsy_listings,owner_etsy_titles,owner_etsy_listing_ids,owner_etsy_prices,owner_etsy_prices_seen,owner_free_shipping_seen,owner_google_shopping_best_pos,owner_relevant_etsy_market_pages,owner_market_pages_on_page1,ebay_twins,shopping_etsy_rows,shopping_median_price_noncutting,shopping_free_delivery_pct,shopping_cuttings_pct,shopping_top3
hoya sunrise,1,"Hoya Sunrise 4"" Live Houseplant | Rare Hoya | Easy Care Indoor Vining Plant",4513836738,18.99,18.99,yes,8,6,6,168284607679 $26.74 +$9.99 delivery || 168578976226 $18.99 +$6.99 delivery,40,29.84,20,18,#1 Hoya Sunrise | Rare Hoya Plant $18  || #2 Hoya Sunrise $30  || #3 Hoya 'Sunrise' 6 $16 
hoya kerrii,1,"Hoya Kerrii 4"" Variegated 1 Heart Leaf Live Succulent Heart Plant Easy Care Indoor Plant",4513275018,21.99,21.99,yes,,4,2,168578976223 $21.99 +$6.99 delivery || 168284607681 $22.14 +$9.99 delivery,37,28.74,24,16,#2 Hoya Kerri Inner Variegated $30  || #3 RARE Trailing Hoya Kerrii Heart Large Size – Pet Friendly Ea $62 
hoya australis lisa,1,"Hoya Australis Lisa 4"" Live Houseplant | Variegated Hoya | Easy Care Vining Indoor Plant",4514471164,,16.99/18.99,yes,,7,7,168578976231 $16.99 +$6.99 delivery,40,36.72,15,25,#1 Hoya Australis Lisa Plant Succulents Box $14.95 [CTSairplants] || #2 Hoya australis Lisa - 6cm $18 [AmericanCenturyShop] || #3 Hoya australis Lisa $38 
hoya carnosa compacta,1,"Hoya Hindu Rope Variegated 2"" Live Houseplant | Hoya Carnosa Compacta | Rare Vining Plant",4514468966,,13.99/16.99,,,1,1,168578976224 $13.99 +$6.99 delivery || 168578976228 $18.99 +$6.99 delivery,34,39.95,32,3,
syngonium chiapense,1,"Syngonium Chiapense 4"" Live Houseplant | Rare Arrowhead Plant | Easy Care Tropical Indoor Plant",4526358599,21.99,21.99,yes,24,2,2,168578976217 $21.99 +$6.99 delivery,40,40.93,8,0,#1 Syngonium Chiapense $8  || #2 Syngonium chiapense $17.95  || #3 Syngonium chiapense variegated $45 
syngonium pink splash,1,"Syngonium Pink Splash 4"" Live Houseplant | Arrowhead Plant | Easy Care Tropical Indoor Plant",4526372903;4526520636,24.99,24.99,yes,,0,0,168578976219 $24.99 +$6.99 delivery || 168284607757 $29.04 +$9.99 delivery,26,30.0,27,0,#3 Syngonium Strawberry Ice Variegated Rare - beauty tropical p $40 
syngonium mojito,1,"Syngonium Mojito 4"" Live Houseplant | Rare Variegated Arrowhead Plant | Easy Care Tropical Indoor Plant",4526455050,23.99,23.99,yes,,4,3,168578976211 $23.99 +$6.99 delivery,20,22.84,25,10,#1 Syngonium strawberry ice starter plant ALL plants require yo $23.19  || #2 Ice Frost Syngonium Plant - Rare Variegated Arrow Head Leaf  $19.94  || #3 Syngonium Strawberry Ice Variegated Rare - beauty tropical p $40 
raven zz plant,0,,,,,,,0,0,168284607742 $31.34 +$9.99 delivery,40,30.0,20,10,#1 Rare Black Raven ZZ Plant Zamioculcas zamiifolia $24.99  || #2 Black Raven ZZ - 1 small rooted plant $7.25  || #3 Zamioculcas Zamiifolia Raven $19.64 
monstera peru,1,"Monstera Peru 3"" Live Houseplant | Monstera Karstenianum | Easy Care Rare Tropical Indoor Plant",4526572073,17.5,17.5,,,5,3,168578976251 $17.50 +$6.99 delivery || 168578976212 $17.99 +$6.99 delivery || 168284607697 $19.84 +$9.99 delivery,34,33.49,35,12,
rhaphidophora tetrasperma,2,"Mini Monstera 4"" Live Houseplant | Rhaphidophora Tetrasperma | Easy Care Vining Indoor Plant || Mini Monstera 8"" Live Houseplant | Rhaphidophora Tetrasperma | Easy Care Vining Indoor Plant",4526354083;4526509173,16.99;27.99,16.99/17.99 || 27.99,yes,,6,4,168578976210 $16.99 +$6.99 delivery || 168578976216 $27.99 +$6.99 delivery,40,67.5,8,5,"#1 Rhaphidophora tetrasperma • Monstera ""Ginny $12 [hemleva] || #2 Buy Rhaphidophora Tetrasperma mini monstera $19.99  || #3 Rhaphidophora tetrasperma, Philodendron Ginny, Baby Monstera $10 "
philodendron pink princess,0,,,,,,,0,0,168284607710 $53.19 +$9.99 delivery,32,30.11,28,0,"#3 Philodendron Black Cherry Variegated Plant, Healthy Lush Fol $38.87 "
philodendron micans,1,"Philodendron Micans 4"" Live Houseplant | Velvet Leaf Philodendron | Easy Care Vining Indoor Plant",4514475175,15.99,15.99,,,2,1,168578976248 $15.99 +$6.99 delivery,28,55.0,18,7,#1 Philodendron Micans Velvet Leaf Philodendron $42.99  || #2 Philodendron Micans vining starter plant ALL plants require  $22 
philodendron brasil,1,"Philodendron Brasil 6"" Live Houseplant | Variegated Heartleaf Philodendron | Easy Care Vining Indoor Plant",4514512537,18.99,18.99,,,5,2,168578976257 $18.99 +$6.99 delivery,40,15.6,2,38,#1 Philodendron White Princess Tricolor Variegated - Rare Uniqu $108.06 [Aston15] || #2 Philodendron brandiatum (4 different size rooted plants)/cut $6.99 [HousePlantsLiving] || #3 Philodendron Spiritus Sancti - Ultra-Rare Collector's Aroid $325 
monstera siltepecana,1,"Monstera Siltepecana 4"" Live Houseplant | Silver Monstera | Easy Care Rare Tropical Indoor Plant",4526367313,21.99,21.99,yes,,2,2,168578976222 $21.99 +$6.99 delivery || 168284607756 $34.79 +$9.99 delivery,26,29.99,35,19,"#1 4.5"" SILTEPECENA hanging basket; MONSTERA house plant - attr $27.95  || #2 XL Rooted Cutting of Monstera Dwyeri LARGE LEAF $120 [AcadiaPlants] || #3 Monstera Electro Light Live Plant Tissue Culture / Monsteras $29.99 "
peperomia hope,1,"Peperomia Hope 4"" Live Houseplant | Trailing Peperomia | Easy Care Indoor Plant",4514509657,,16.99/17.99,,,4,3,168578976263 $16.99 +$6.99 delivery || 168284607715 $33.64 +$9.99 delivery,27,21.98,33,0,"#3 Peperomia Hope Succulent Watercolor Vinyl Sticker 3"" $5 [AmandaMeszarosArt]"
watermelon peperomia,2,"Watermelon Peperomia (Stilt) 4"" Live Houseplant | Peperomia Argyreia | Easy Care Tropical Indoor Plant || Watermelon Peperomia 4"" Live Houseplant | Peperomia Argyreia | Easy Care Tropical Indoor Plant",4514496451,18.99,18.99,,29,4,3,168578976274 $18.99 +$6.99 delivery,34,16.99,35,12,#1 Peperomia Watermelon | Peperomia Plant | Live Peperomia Wate $28.55 [NYCitySucculents] || #2 Watermelon Peperomia Argyreia $29.95  || #3 Peperomia Watermelon Starter Plant (ALL Starter PLANTS requi $22 
pilea peperomioides,1,"Chinese Money Plant 4"" Live Houseplant | Pilea Peperomioides | Easy Care Indoor Plant",4513826476,21.99,21.99,yes,39,7,0,168578976235 $21.99 +$6.99 delivery,40,12.0,52,0,"#1 Pilea Peperomioides, Planta de Pilea, Planta de Pilea pepero $17.6  || #2 Pilea Peperomioides $23.95  || #3 Pilea peperomioides, Planta del Dinero China, Planta OVNI, M $29.99 "
calathea setosa,1,"Calathea Setosa Grey Star 4"" Live Houseplant | Prayer Plant | Easy Care Tropical Indoor Plant",4514503686,18.99,18.99,,,1,1,168578976239 $18.99 +$6.99 delivery,17,33.6,12,6,"#1 Calathea pilosa 2"" pot (ALL PLANTS require you to purchase 2 $12.8 [TheGreenEscape] || #2 Handmade Paper Plant - Calathea White Star, rare houseplant, $39.95  || #3 Calathea and Austral Gem Fern Combo Kokedama - Bonsai Moss b $42 [KodamaForest]"
calathea rattlesnake,1,"Calathea Rattlesnake 4"" Live Houseplant | Lancifolia Prayer Plant | Easy Care Tropical Indoor Plant",4514507750,17.99,17.99,,,2,1,168578976268 $17.99 +$6.99 delivery,40,19.2,35,12,#1 Calathea Lancifolia Rattlesnake Plant $16.07 [NYCitySucculents] || #2 Perfect Plants Calathea Rattlesnake Plant 6 Inch Pot $20  || #3 Succulents Box Rattlesnake Plant for Sale Calathea Lancifoli $15.99 
satin pothos,1,"Satin Pothos 4"" Live Houseplant | Scindapsus Pictus | Easy Care Vining Indoor Plant",4514470150;4526450542,17.99,16.99/17.99,yes,,1,0,168578976270 $16.99 +$6.99 delivery || 168578976237 $16.99 +$6.99 delivery,38,19.48,21,45,"#1 Satin Pothos - 6'' from California Tropicals $24.99 [CaliforniaTropicals] || #2 Satin Pothos Scindapsus ‘Argyraeus’ $14.99  || #3 Pothos Njoy RARO, maceta completa de 4 pulgadas, enredadera  $19.47 [PlantVers]"
cebu blue pothos,1,"Cebu Blue Pothos 3"" Live Houseplant | Epipremnum Pinnatum | Easy Care Rare Vining Indoor Plant",4526450139,,12.79/15.99,,,2,1,168578976247 $15.99 +$6.99 delivery,24,16.29,42,17,"#2 Cebu Blue Pothos, Epipremnum Pinnatum Cuttings for Propagati $4.64 [PrayerfullyPlanted]"
christmas cactus,1,"Christmas Cactus 4"" Live Flowering Cactus | Surprise Color | Unique Holiday Plant",4513281172,17.99,17.99,yes,,0,0,168578976275 $17.99 +$6.99 delivery || 168284607714 $20.99 +$9.99 delivery || 168284607711 $23.29 +$9.99 delivery || 168284607745 $20.99 +$9.99 delivery,34,42.74,65,3,
sansevieria moonshine,1,"Sansevieria Moonshine 6"" Live Houseplant | Silver Snake Plant | Easy Care Low Light Indoor Plant",4526378226,,18.99/21.99/23.99,yes,,7,5,168578976215 $18.99 +$6.99 delivery || 168284607698 $21.00 +$9.99 delivery,40,30.0,10,2,#1 Sansevieria Moonshine Live Plant | Moonshine Snake Plants |  $18.55 [NYCitySucculents] || #2 Sansevieria Trifasciata Moonshine $14  || #3 LIVE PLANT Snake Plant Moonshine Sansevieria Rooted Cutting $4.99 [ReadyLimited]
texas ebony plant,0,,,,,,,0,0,168284607758 $24.44 +$9.99 delivery,13,32.99,15,38,#1 Rare Texas Ebony - 4'' from California Tropicals $20.99 [CaliforniaTropicals] || #2 Texas Ebony seedling - pre Bonsai $16.75  || #3 Texas Ebony seeds $10 
hoya cummingiana,0,,,,,,,0,0,168284607684 $30.19 +$9.99 delivery,40,28.0,20,28,"#1 Hoya Cumingiana Outer variegated $14.95  || #2 Hoya Cumingiana Outer Variegated Rooted Specimen | Exact Sel $25  || #3 Hoya Cummingiana mix pot, green and albo marginata $25 [LaurasTreasureStore]"
