plant_query,market_slug,market_page,market_url,owner_card_title,card_review_count,card_price,card_free_shipping,card_sale
hoya sunrise,sunrise_hoya_plant,1,https://www.etsy.com/market/sunrise_hoya_plant,"Hoya Sunrise 4"" Live Houseplant | Rare Hoya | Easy Care Indoor Vining Plant from Riverside Greenhouses",5,18.99,True,False
hoya sunrise,hoya_sunrise_free_shipping,1,https://www.etsy.com/market/hoya_sunrise_free_shipping,"Hoya Sunrise 4"" Live Houseplant | Rare Hoya | Easy Care Indoor Vining Plant from Riverside Greenhouses",35,18.99,True,False
hoya sunrise,hoya_sunrise_live_plant,1,https://www.etsy.com/market/hoya_sunrise_live_plant,"Hoya Sunrise 4"" Live Houseplant | Rare Hoya | Easy Care Indoor Vining Plant from Riverside Greenhouses",35,18.99,True,False
hoya sunrise,hoya_sunrise_plants,1,https://www.etsy.com/market/hoya_sunrise_plants,"Hoya Sunrise 4"" Live Houseplant | Rare Hoya | Easy Care Indoor Vining Plant from Riverside Greenhouses",13,18.99,True,False
hoya sunrise,hoya_sunrise_sunrise,1,https://www.etsy.com/market/hoya_sunrise_sunrise,"Hoya Sunrise 4"" Live Houseplant | Rare Hoya | Easy Care Indoor Vining Plant from Riverside Greenhouses",2,18.99,True,False
hoya sunrise,house_of_hoya,2,https://www.etsy.com/market/house_of_hoya?page=2,"Hoya Sunrise 4"" Live Houseplant | Rare Hoya | Easy Care Indoor Vining Plant from Riverside Greenhouses",31,18.99,True,False
hoya sunrise,hoya_rare_plants,2,https://www.etsy.com/market/hoya_rare_plants?page=2,"Hoya Sunrise 4"" Live Houseplant | Rare Hoya | Easy Care Indoor Vining Plant from Riverside Greenhouses",26,18.99,True,False
hoya sunrise,live_hoya_plant,2,https://www.etsy.com/market/live_hoya_plant?page=2,"Hoya Australis Lisa 4"" Live Houseplant | Variegated Hoya | Easy Care Vining Indoor Plant from Riverside Greenhouses",21,16.99,True,False
hoya sunrise,hoya_plants_live,4,https://www.etsy.com/market/hoya_plants_live?page=4,"Hoya Sunrise 4"" Live Houseplant | Rare Hoya | Easy Care Indoor Vining Plant from Riverside Greenhouses",3,18.99,True,False
hoya sunrise,hoya_sunrise_4,1,https://www.etsy.com/market/hoya_sunrise_4,"Hoya Sunrise 4"" Live Houseplant | Rare Hoya | Easy Care Indoor Vining Plant from Riverside Greenhouses",,18.99,True,False
hoya kerrii,hoya_kerrii_plants,4,https://www.etsy.com/market/hoya_kerrii_plants?page=4,Heart Leaf Live Succulent Heart Plant Easy Care Indoor Plant from Riverside Greenhouses,35,21.99,True,False
hoya kerrii,hoya_kerrii_plant,3,https://www.etsy.com/market/hoya_kerrii_plant?page=3,Heart Leaf Live Succulent Heart Plant Easy Care Indoor Plant from Riverside Greenhouses,13,21.99,True,False
hoya kerrii,hoya_kerrii_leaf,1,https://www.etsy.com/market/hoya_kerrii_leaf,"Kerrii 4"" Live Succulent Heart Plant Easy Care Indoor Plant from Riverside Greenhouses",3,21.99,True,False
hoya kerrii,live_hoya_plants,2,https://www.etsy.com/market/live_hoya_plants?page=2,Ship ... 2 Hoya Kerrii Heart Live Plants Sweetheart ... from Riverside Greenhouses,1,11.19,False,True
hoya kerrii,hoya_kerrii_variegated_live_plants,1,https://www.etsy.com/market/hoya_kerrii_variegated_live_plants,Heart Leaf Live Succulent Heart Plant Easy Care Indoor Plant from Riverside Greenhouses,6,21.99,True,False
hoya kerrii,variegated_hoya_care,1,https://www.etsy.com/market/variegated_hoya_care,"Hoya Australis Lisa 4"" Live Houseplant | Variegated Hoya | Easy Care Vining Indoor Plant from Riverside Greenhouses",31,18.99,True,False
hoya australis lisa,house_plants_hoya_australis_lisa,1,https://www.etsy.com/market/house_plants_hoya_australis_lisa,"Hoya Australis Lisa 4"" Live Houseplant | Variegated Hoya | Easy Care Vining Indoor Plant from Riverside Greenhouses",26,18.99,True,False
hoya australis lisa,hoya_lisa_4,1,https://www.etsy.com/market/hoya_lisa_4,"Hoya Australis Lisa 4"" Live Houseplant | Variegated Hoya | Easy Care Vining Indoor Plant from Riverside Greenhouses",25,16.99,True,False
hoya australis lisa,hoya_australis_%7C_hoya_lisa,1,https://www.etsy.com/market/hoya_australis_%7C_hoya_lisa,Hoya Australis Lisa Plant | Rooted Variegated Wax ... from Riverside Greenhouses,3,16.99,False,False
hoya australis lisa,live_hoya_lisa,1,https://www.etsy.com/market/live_hoya_lisa,"Hoya Australis Lisa 4"" Live Houseplant | Variegated Hoya | Easy Care Vining Indoor Plant from Riverside Greenhouses",3,16.99,True,False
hoya australis lisa,australis_lisa,1,https://www.etsy.com/market/australis_lisa,"Hoya Australis Lisa 4"" Live Houseplant | Variegated Hoya | Easy Care Vining Indoor Plant from Riverside Greenhouses",,16.99,True,False
hoya australis lisa,variegated_hoya_australis_lisa,1,https://www.etsy.com/market/variegated_hoya_australis_lisa,"Hoya Australis Lisa 4"" Live Houseplant | Variegated Hoya | Easy Care Vining Indoor Plant from Riverside Greenhouses",,16.99,True,False
hoya australis lisa,australis_lisa_hoya_variegated,1,https://www.etsy.com/market/australis_lisa_hoya_variegated,"Hoya Australis Lisa 4"" Live Houseplant | Variegated Hoya | Easy Care Vining Indoor Plant from Riverside Greenhouses",,16.99,True,False
hoya carnosa compacta,hoya_compacta_2,1,https://www.etsy.com/market/hoya_compacta_2,"Hoya Hindu Rope Variegated 2"" Live Houseplant | Hoya Carnosa Compacta | Rare Vining Plant from Riverside Greenhouses",35,16.99,False,False
hoya carnosa compacta,house_plant_hoya,1,https://www.etsy.com/market/house_plant_hoya,"Hoya Sunrise 4"" Live Houseplant | Rare Hoya | Easy Care Indoor Vining Plant from Riverside Greenhouses",31,18.99,True,False
hoya carnosa compacta,hoya_free_shipping,1,https://www.etsy.com/market/hoya_free_shipping,Variegated - Rare Indoor Plant - Curling Rope Plant ... from Riverside Greenhouses,35,,False,False
hoya carnosa compacta,hoya,1,https://www.etsy.com/market/hoya,"Hoya Sunrise 4"" Live Houseplant | Rare Hoya | Easy Care Indoor Vining Plant from Riverside Greenhouses",35,18.99,True,False
syngonium chiapense,syngonium_chiapense_plant,1,https://www.etsy.com/market/syngonium_chiapense_plant,"Syngonium Chiapense 4"" Live Houseplant | Rare Arrowhead Plant | Easy Care Tropical Indoor Plant from Riverside Greenhouses",3,21.99,True,False
syngonium chiapense,syngonium_live_plants,5,https://www.etsy.com/market/syngonium_live_plants?page=5,"Syngonium Chiapense 4"" Live Houseplant | Rare Arrowhead Plant | Easy Care Tropical Indoor Plant from Riverside Greenhouses",3,21.99,True,False
syngonium chiapense,variegated_syngonium_plants,4,https://www.etsy.com/market/variegated_syngonium_plants?page=4,Syngonium Chiapense white Tiger variegated real mature ... from Riverside Greenhouses,3,23.99,False,False
syngonium chiapense,4_syngonium,3,https://www.etsy.com/market/4_syngonium?page=3,"Syngonium Chiapense 4"" Live Houseplant | Rare Arrowhead Plant | Easy Care Tropical Indoor Plant from Riverside Greenhouses",1,21.99,True,False
syngonium chiapense,chiapense_plant,1,https://www.etsy.com/market/chiapense_plant,Variegated Syngonium chiapense | White and Cream variegation | Exact rooted plants ... from Riverside Greenhouses,3,21.99,True,False
syngonium pink splash,4_syngonium,3,https://www.etsy.com/market/4_syngonium?page=3,"Syngonium Pink Splash 4"" Live Houseplant | Arrowhead Plant | Easy Care Tropical Indoor Plant from Riverside Greenhouses",1,24.99,True,False
syngonium pink splash,syngonium_indoor_plants,3,https://www.etsy.com/market/syngonium_indoor_plants?page=3,"Syngonium Pink Splash Arrowhead Plant | Variegated Tropical Houseplant (4"" Pot) ... from Riverside Greenhouses",13,12.99,False,False
syngonium pink splash,syngonium_indoor_plants,3,https://www.etsy.com/market/syngonium_indoor_plants?page=3,Add to ... from Riverside Greenhouses,,,False,False
syngonium pink splash,variegated_syngonium_plants,4,https://www.etsy.com/market/variegated_syngonium_plants?page=4,"Syngonium Pink Splash Arrowhead Plant | Variegated Tropical Houseplant (4"" Pot) ... from Riverside Greenhouses",3,23.99,False,False
syngonium pink splash,syngonium_indoor_plants,2,https://www.etsy.com/market/syngonium_indoor_plants?page=2,"Splash: Easy-Care Houseplant, Bright Pink Variegation ... from Riverside Greenhouses",13,23.99,False,False
syngonium mojito,syngonium_mojito.,1,https://www.etsy.com/market/syngonium_mojito.,"Syngonium Mojito 4"" Live Houseplant | Rare Variegated Arrowhead Plant | Easy Care Tropical Indoor Plant from Riverside Greenhouses",3,23.99,True,False
syngonium mojito,mojito_syngoniums,1,https://www.etsy.com/market/mojito_syngoniums,Syngonium Mojito ... from Riverside Greenhouses,13,23.99,False,False
syngonium mojito,syngonium_mojito_house_plants,1,https://www.etsy.com/market/syngonium_mojito_house_plants,"Syngonium Mojito 4"" Live Houseplant | Rare Variegated Arrowhead Plant | Easy Care Tropical Indoor Plant from Riverside Greenhouses",6,23.99,True,False
syngonium mojito,variegated_syngonium_plants,4,https://www.etsy.com/market/variegated_syngonium_plants?page=4,"Syngonium Mojito 4"" Live Houseplant | Rare Variegated Arrowhead Plant | Easy Care Tropical Indoor Plant from Riverside Greenhouses",3,23.99,True,False
syngonium mojito,plant_mojito,2,https://www.etsy.com/market/plant_mojito?page=2,"Syngonium Mojito 4"" Live Houseplant | Rare Variegated Arrowhead Plant | Easy Care Tropical Indoor Plant from Riverside Greenhouses",25,23.99,True,False
syngonium mojito,4_syngonium,3,https://www.etsy.com/market/4_syngonium?page=3,"4"" Syngonium Mojito | Mottled Arrowhead *Toxic if Ingested* ... from Riverside Greenhouses",1,21.99,False,False
syngonium mojito,4_syngonium,3,https://www.etsy.com/market/4_syngonium?page=3,FREE ... from Riverside Greenhouses,1,24.99,False,False
syngonium mojito,arrowhead_plant_syngonium,3,https://www.etsy.com/market/arrowhead_plant_syngonium?page=3,"Syngonium Mojito 4"" Live Houseplant | Rare Variegated Arrowhead Plant | Easy Care Tropical Indoor Plant from Riverside Greenhouses",4,23.99,True,False
syngonium mojito,live_syngonium,3,https://www.etsy.com/market/live_syngonium?page=3,"Syngonium Mojito 4"" Live Houseplant | Rare Variegated Arrowhead Plant | Easy Care Tropical Indoor Plant from Riverside Greenhouses",3,23.99,True,False
raven zz plant,zz_plant_indoor,4,https://www.etsy.com/market/zz_plant_indoor?page=4,"Black Raven ZZ, dark ZZ plant in 6” pot ... from Riverside Greenhouses",3,12.99,False,False
raven zz plant,live_zz_plant_6,2,https://www.etsy.com/market/live_zz_plant_6?page=2,"Houseplant ... Black Raven ZZ, dark ZZ plant in 6” pot ... from Riverside Greenhouses",30,23.99,False,False
raven zz plant,zz_tree,2,https://www.etsy.com/market/zz_tree?page=2,"Variegated Raven ZZ ... ZZ Plant 2"" Live Houseplant | Zamioculcas Zamiifolia | Easy Care Low Light Indoor Plant from Riverside Greenhouses",26,16.99,False,False
raven zz plant,zz_plant,2,https://www.etsy.com/market/zz_plant?page=2,"6"" Nursery Pot - Indoor Live ... Raven ZZ Plant – 4” Pot | Black Zamioculcas ... from Riverside Greenhouses",25,16.99,False,False
raven zz plant,low_light_exotic_house_plants,2,https://www.etsy.com/market/low_light_exotic_house_plants?page=2,"Live Tropical Indoor Houseplant. 6"" Raven ZZ Plant ... from Riverside Greenhouses",3,16.99,False,False
monstera peru,monstera_peru_karstenianum_plant,1,https://www.etsy.com/market/monstera_peru_karstenianum_plant,"Monstera Peru 3"" Live Houseplant | Monstera Karstenianum | Easy Care Rare Tropical Indoor Plant from Riverside Greenhouses",32,17.50,False,False
monstera peru,plants_from_peru,1,https://www.etsy.com/market/plants_from_peru,"Monstera Peru 3"" Live Houseplant | Monstera Karstenianum | Easy Care Rare Tropical Indoor Plant from Riverside Greenhouses",26,17.50,False,False
monstera peru,monstera_care,4,https://www.etsy.com/market/monstera_care?page=4,17.99. Add to ... Monstera Peru | Live Indoor & Outdoor Tropical ... from Riverside Greenhouses,13,17.99,False,False
monstera peru,monstera_peru_karstenianum,1,https://www.etsy.com/market/monstera_peru_karstenianum,"Monstera Peru 4"" Live Houseplant | Monstera Karstenianum | Easy Care Rare Tropical Indoor Plant from Riverside Greenhouses",26,19.99,False,False
monstera peru,monstera_peru_albo,2,https://www.etsy.com/market/monstera_peru_albo?page=2,"Monstera Peru 4"" Live Houseplant | Monstera Karstenianum | Easy Care Rare Tropical Indoor Plant from Riverside Greenhouses",5,17.99,False,False
monstera peru,albo_peru,2,https://www.etsy.com/market/albo_peru?page=2,"Monstera Peru 4"" Live Houseplant | Monstera Karstenianum | Easy Care Rare Tropical Indoor Plant from Riverside Greenhouses",4,17.99,False,False
monstera peru,live_plant_monstera,9,https://www.etsy.com/market/live_plant_monstera?page=9,Karstenianum Rare Textured Houseplant Rooted Plant ... from Riverside Greenhouses,2,16.99,False,False
monstera peru,monstera_4,3,https://www.etsy.com/market/monstera_4?page=3,"Mini Monstera 4"" Live Houseplant | Rhaphidophora Tetrasperma | Easy Care Vining Indoor Plant from Riverside Greenhouses",4,16.99,True,False
monstera peru,monstera_vine_plants,2,https://www.etsy.com/market/monstera_vine_plants?page=2,5.50. Only 1 ... from Riverside Greenhouses,3,16.99,False,False
rhaphidophora tetrasperma,rhaphidophora_tetrasperma_mini_monstera,1,https://www.etsy.com/market/rhaphidophora_tetrasperma_mini_monstera,"Mini Monstera 4"" Live Houseplant | Rhaphidophora Tetrasperma | Easy Care Vining Indoor Plant from Riverside Greenhouses",30,17.99,True,False
rhaphidophora tetrasperma,rhaphidophora_tetrasperma_albo,2,https://www.etsy.com/market/rhaphidophora_tetrasperma_albo?page=2,"Mini Monstera 8"" Live Houseplant | Rhaphidophora Tetrasperma | Easy Care Vining Indoor Plant from Riverside Greenhouses",30,27.99,False,False
rhaphidophora tetrasperma,rhaphidophora_tetrasperma_monster,1,https://www.etsy.com/market/rhaphidophora_tetrasperma_monster,"Mini Monstera 8"" Live Houseplant | Rhaphidophora Tetrasperma | Easy Care Vining Indoor Plant from Riverside Greenhouses",2,27.99,False,False
rhaphidophora tetrasperma,mini_swiss_cheese_plant_live,1,https://www.etsy.com/market/mini_swiss_cheese_plant_live,"Mini Monstera 8"" Live Houseplant | Rhaphidophora Tetrasperma | Easy Care Vining Indoor Plant from Riverside Greenhouses",1,27.99,False,False
rhaphidophora tetrasperma,rhaphidophora_tetrasperma_mini_monstera_albo,1,https://www.etsy.com/market/rhaphidophora_tetrasperma_mini_monstera_albo,"Mini Monstera 4"" Live Houseplant | Rhaphidophora Tetrasperma | Easy Care Vining Indoor Plant from Riverside Greenhouses",8,16.99,True,False
rhaphidophora tetrasperma,rhaphidophora,3,https://www.etsy.com/market/rhaphidophora?page=3,"Mini Monstera 4"" Live Houseplant | Rhaphidophora Tetrasperma | Easy Care Vining Indoor Plant from Riverside Greenhouses",21,16.99,True,False
rhaphidophora tetrasperma,monstera_live_plants,6,https://www.etsy.com/market/monstera_live_plants?page=6,"Mini Monstera 4"" Live Houseplant | Rhaphidophora Tetrasperma | Easy Care Vining Indoor Plant from Riverside Greenhouses",35,17.99,True,False
rhaphidophora tetrasperma,tetrasperma_rhaphidophora,2,https://www.etsy.com/market/tetrasperma_rhaphidophora?page=2,"Mini Monstera 4"" Live Houseplant | Rhaphidophora Tetrasperma | Easy Care Vining Indoor Plant from Riverside Greenhouses",21,16.99,True,False
rhaphidophora tetrasperma,rhaphidophora_tetrasperma%2C_mini_monstera,1,https://www.etsy.com/market/rhaphidophora_tetrasperma%2C_mini_monstera,"Mini Monstera 4"" Live Houseplant | Rhaphidophora Tetrasperma | Easy Care Vining Indoor Plant from Riverside Greenhouses",4,16.99,True,False
philodendron pink princess,tropical_philodendro,1,https://www.etsy.com/market/tropical_philodendro,Plant (ALL PLANTS require you to purchase 2 plants!) ... from Riverside Greenhouses,,25.99,False,False
philodendron pink princess,rare_philodendron_plants,4,https://www.etsy.com/market/rare_philodendron_plants?page=4,"Colors ... Philodendron Pink Princess Marble 2"" Pot: Rare ... from Riverside Greenhouses",17,25.99,False,False
philodendron pink princess,pink_houseplants_live,4,https://www.etsy.com/market/pink_houseplants_live?page=4,May include: A Philodendron Pink Princess ... from Riverside Greenhouses,3,20.99,False,False
philodendron pink princess,live_plants_large_philodendron,1,https://www.etsy.com/market/live_plants_large_philodendron,"Princess plant featuring large, heart-shaped leaves with ... from Riverside Greenhouses",3,25.99,False,False
philodendron micans,philodendron_micans_live_plant,1,https://www.etsy.com/market/philodendron_micans_live_plant,"Philodendron Micans 4"" Live Houseplant | Velvet Leaf Philodendron | Easy Care Vining Indoor Plant from Riverside Greenhouses",,15.99,False,False
philodendron micans,large_philodendron_plant,2,https://www.etsy.com/market/large_philodendron_plant?page=2,Philodendron micans ... from Riverside Greenhouses,13,25.99,False,False
philodendron micans,philodendron_6,1,https://www.etsy.com/market/philodendron_6,"Live Indoor ... Philodendron Micans Live Plant in 6"" Pot ... from Riverside Greenhouses",3,25.99,False,False
philodendron micans,large_live_philodendron,1,https://www.etsy.com/market/large_live_philodendron,4.99. Add ... from Riverside Greenhouses,32,26.99,False,False
philodendron micans,greenhouses_for_sale,3,https://www.etsy.com/market/greenhouses_for_sale?page=3,TOP CUTTING COMBO Philodendron Micans 'halo' and ... from Riverside Greenhouses,4,21.99,False,False
philodendron micans,philodendron_%27micans%27_velvet,2,https://www.etsy.com/market/philodendron_%27micans%27_velvet?page=2,"Philodendron Micans 4"" Live Houseplant | Velvet Leaf Philodendron | Easy Care Vining Indoor Plant from Riverside Greenhouses",26,15.99,False,False
philodendron brasil,philodendron_brasil_plant,5,https://www.etsy.com/market/philodendron_brasil_plant?page=5,"Philodendron Brasil 6"" Live Houseplant | Variegated Heartleaf Philodendron | Easy Care Vining Indoor Plant from Riverside Greenhouses",2,18.99,False,False
philodendron brasil,brasil_philodendron_plant,5,https://www.etsy.com/market/brasil_philodendron_plant?page=5,2 plants per order-4 inch pot- NO SHIP CA ... from Riverside Greenhouses,31,25.99,False,False
philodendron brasil,philodendron_brasil_6_in,1,https://www.etsy.com/market/philodendron_brasil_6_in,"Philodendron Brasil 6"" Live Houseplant | Variegated Heartleaf Philodendron | Easy Care Vining Indoor Plant from Riverside Greenhouses",,18.99,False,False
philodendron brasil,philodendron_brasil_live,2,https://www.etsy.com/market/philodendron_brasil_live?page=2,"Philodendron Brasil 6"" Live Houseplant | Variegated Heartleaf Philodendron | Easy Care Vining Indoor Plant from Riverside Greenhouses",3,18.99,False,False
philodendron brasil,heartleaf_philodendron,6,https://www.etsy.com/market/heartleaf_philodendron?page=6,"Philodendron Brasil 6"" Live Houseplant | Variegated Heartleaf Philodendron | Easy Care Vining Indoor Plant from Riverside Greenhouses",2,18.99,False,False
philodendron brasil,brasil_philodendron,5,https://www.etsy.com/market/brasil_philodendron?page=5,9.99. Add to Favorites ... from Riverside Greenhouses,3,,False,False
philodendron brasil,brasil_variegated_philodendron,2,https://www.etsy.com/market/brasil_variegated_philodendron?page=2,Philodendron Brasil - Philodendron hederaceum 'Brasil ... from Riverside Greenhouses,8,18.99,False,False
philodendron brasil,philodendron_brasil_6,1,https://www.etsy.com/market/philodendron_brasil_6,"Philodendron Brasil 6"" Live Houseplant | Variegated Heartleaf Philodendron | Easy Care Vining Indoor Plant from Riverside Greenhouses",6,18.99,False,False
philodendron brasil,philodendron_6,11,https://www.etsy.com/market/philodendron_6?page=11,"Brasil ... Philodendron Brasil 6"" Live Houseplant | Variegated Heartleaf Philodendron | Easy Care Vining Indoor Plant from Riverside Greenhouses",,,False,False
monstera siltepecana,monstera_siltepecana_plant_live,1,https://www.etsy.com/market/monstera_siltepecana_plant_live,"Monstera Siltepecana 4"" Live Houseplant | Silver Monstera | Easy Care Rare Tropical Indoor Plant from Riverside Greenhouses",35,21.99,True,False
monstera siltepecana,monstera_siltepecana,1,https://www.etsy.com/market/monstera_siltepecana,"Monstera Siltepecana 4"" Live Houseplant | Silver Monstera | Easy Care Rare Tropical Indoor Plant from Riverside Greenhouses",35,21.99,True,False
monstera siltepecana,monstera_albo_live_plants,5,https://www.etsy.com/market/monstera_albo_live_plants?page=5,8.99. Add to ... from Riverside Greenhouses,2,17.99,False,False
peperomia hope,peperomia_hope_live_plant,2,https://www.etsy.com/market/peperomia_hope_live_plant?page=2,"Peperomia Hope 4"" Live Houseplant | Trailing Peperomia | Easy Care Indoor Plant from Riverside Greenhouses",26,17.99,False,False
peperomia hope,peperomia_hope_houseplant,1,https://www.etsy.com/market/peperomia_hope_houseplant,"Peperomia Hope 4"" Live Houseplant | Trailing Peperomia | Easy Care Indoor Plant from Riverside Greenhouses",32,17.99,False,False
peperomia hope,peperomia_hope_plant_live,1,https://www.etsy.com/market/peperomia_hope_plant_live,"Peperomia Hope 4"" Live Houseplant | Trailing Peperomia | Easy Care Indoor Plant from Riverside Greenhouses",8,16.99,False,False
peperomia hope,trailing_peperomia_hope,1,https://www.etsy.com/market/trailing_peperomia_hope,"Peperomia Hope 4"" Live Houseplant | Trailing Peperomia | Easy Care Indoor Plant from Riverside Greenhouses",6,16.99,False,False
peperomia hope,hope_plants,7,https://www.etsy.com/market/hope_plants?page=7,"Peperomia Hope 4"" Live Houseplant | Trailing Peperomia | Easy Care Indoor Plant from Riverside Greenhouses",3,16.99,False,False
peperomia hope,plant_for_hope,6,https://www.etsy.com/market/plant_for_hope?page=6,"Peperomia Hope 4"" Live Houseplant | Trailing Peperomia | Easy Care Indoor Plant from Riverside Greenhouses",35,17.99,False,False
watermelon peperomia,4_watermelon_peperomia,1,https://www.etsy.com/market/4_watermelon_peperomia,"Watermelon Peperomia (Stilt) 4"" Live Houseplant | Peperomia Argyreia | Easy Care Tropical Indoor Plant from Riverside Greenhouses",3,18.99,False,False
watermelon peperomia,watermelon_peperomia_argyreia,1,https://www.etsy.com/market/watermelon_peperomia_argyreia,"Watermelon Peperomia (Stilt) 4"" Live Houseplant | Peperomia Argyreia | Easy Care Tropical Indoor Plant from Riverside Greenhouses",8,18.99,False,False
watermelon peperomia,string_of_watermelon_plant_live,1,https://www.etsy.com/market/string_of_watermelon_plant_live,Watermelon Peperomia ... from Riverside Greenhouses,30,18.99,False,False
watermelon peperomia,indoor_plants_watermelon,3,https://www.etsy.com/market/indoor_plants_watermelon?page=3,"Variegated Watermelon Peperomia, Peperomia ... from Riverside Greenhouses",4,18.99,False,False
pilea peperomioides,pilea_peperomioides_plant_live,2,https://www.etsy.com/market/pilea_peperomioides_plant_live?page=2,"Chinese Money Plant 4"" Live Houseplant | Pilea Peperomioides | Easy Care Indoor Plant from Riverside Greenhouses",13,21.99,True,False
pilea peperomioides,chinese_money_plant_pilea,3,https://www.etsy.com/market/chinese_money_plant_pilea?page=3,"Chinese Money Plant 4"" Live Houseplant | Pilea Peperomioides | Easy Care Indoor Plant from Riverside Greenhouses",2,21.99,True,False
pilea peperomioides,pilea_plant_indoor,6,https://www.etsy.com/market/pilea_plant_indoor?page=6,"Chinese Money Plant 4"" Live Houseplant | Pilea Peperomioides | Easy Care Indoor Plant from Riverside Greenhouses",3,21.99,True,False
pilea peperomioides,chinese_indoor_plant,2,https://www.etsy.com/market/chinese_indoor_plant?page=2,"Chinese Money Plant 4"" Live Houseplant | Pilea Peperomioides | Easy Care Indoor Plant from Riverside Greenhouses",24,21.99,True,False
pilea peperomioides,plant_pilea_peperomioides,2,https://www.etsy.com/market/plant_pilea_peperomioides?page=2,"Chinese Money Plant 4"" Live Houseplant | Pilea Peperomioides | Easy Care Indoor Plant from Riverside Greenhouses",30,21.99,True,False
pilea peperomioides,pilea_peperomioides_plants,2,https://www.etsy.com/market/pilea_peperomioides_plants?page=2,"Chinese Money Plant 4"" Live Houseplant | Pilea Peperomioides | Easy Care Indoor Plant from Riverside Greenhouses",21,21.99,True,False
pilea peperomioides,pilea_peperomioides_plant,4,https://www.etsy.com/market/pilea_peperomioides_plant?page=4,"Chinese Money Plant 4"" Live Houseplant | Pilea Peperomioides | Easy Care Indoor Plant from Riverside Greenhouses",3,21.99,True,False
pilea peperomioides,greenhouses_for_sale,3,https://www.etsy.com/market/greenhouses_for_sale?page=3,"Chinese Money Plant 4"" Live Houseplant | Pilea Peperomioides | Easy Care Indoor Plant from Riverside Greenhouses",4,21.99,True,False
pilea peperomioides,chinese_money_tree,2,https://www.etsy.com/market/chinese_money_tree?page=2,"Chinese Money Plant 4"" Live Houseplant | Pilea Peperomioides | Easy Care Indoor Plant from Riverside Greenhouses",26,21.99,True,False
calathea setosa,calathea_setosa_grey_star,1,https://www.etsy.com/market/calathea_setosa_grey_star,"Calathea Setosa Grey Star 4"" Live Houseplant | Prayer Plant | Easy Care Tropical Indoor Plant from Riverside Greenhouses",3,18.99,False,False
calathea setosa,low_light_exotic_house_plants,2,https://www.etsy.com/market/low_light_exotic_house_plants?page=2,"Calathea Setosa Grey Star 4"" Live Houseplant | Prayer Plant | Easy Care Tropical Indoor Plant from Riverside Greenhouses",3,18.99,False,False
calathea setosa,calathea_plants_live,3,https://www.etsy.com/market/calathea_plants_live?page=3,"Calathea Setosa Grey Star 4"" Live Houseplant | Prayer Plant | Easy Care Tropical Indoor Plant from Riverside Greenhouses",,18.99,False,False
calathea setosa,calathea_rare_house_plants_exotic,1,https://www.etsy.com/market/calathea_rare_house_plants_exotic,"Calathea Setosa Grey Star 4"" Live Houseplant | Prayer Plant | Easy Care Tropical Indoor Plant from Riverside Greenhouses",3,18.99,False,False
calathea setosa,4_in_calathea_live_plant,1,https://www.etsy.com/market/4_in_calathea_live_plant,"Calathea Setosa Grey Star 4"" Live Houseplant | Prayer Plant | Easy Care Tropical Indoor Plant from Riverside Greenhouses",,18.99,False,False
calathea setosa,low_humidity_houseplant,1,https://www.etsy.com/market/low_humidity_houseplant,"Calathea Setosa Grey Star 4"" Live Houseplant | Prayer Plant | Easy Care Tropical Indoor Plant from Riverside Greenhouses",4,18.99,False,False
calathea setosa,calathea_star,1,https://www.etsy.com/market/calathea_star,"Calathea Setosa Grey Star 4"" Live Houseplant | Prayer Plant | Easy Care Tropical Indoor Plant from Riverside Greenhouses",3,18.99,False,False
calathea setosa,calathea%27,8,https://www.etsy.com/market/calathea%27?page=8,"Calathea Setosa Grey Star 4"" Live Houseplant | Prayer Plant | Easy Care Tropical Indoor Plant from Riverside Greenhouses",,18.99,False,False
calathea setosa,live_pet_friendly_plants,5,https://www.etsy.com/market/live_pet_friendly_plants?page=5,"Calathea Setosa Grey Star 4"" Live Houseplant | Prayer Plant | Easy Care Tropical Indoor Plant from Riverside Greenhouses",22,18.99,False,False
calathea rattlesnake,rattlesnake_live,3,https://www.etsy.com/market/rattlesnake_live?page=3,Tropical ... Calathea Rattlesnake Plant 6in Pot – Live ... from Riverside Greenhouses,35,17.99,False,False
calathea rattlesnake,rattlesnake_plant_4_in,1,https://www.etsy.com/market/rattlesnake_plant_4_in,"Calathea Rattlesnake 4”. Eye-catching, snake-like ... from Riverside Greenhouses",,17.99,False,False
calathea rattlesnake,4_in_calathea_live_plant,1,https://www.etsy.com/market/4_in_calathea_live_plant,"4"" from MyPlants. (2.4k) ... Calathea Rattlesnake Live Plant | Prayer Plant | Pet ... from Riverside Greenhouses",,18.99,False,False
calathea rattlesnake,calathea_plants_live,3,https://www.etsy.com/market/calathea_plants_live?page=3,Tropical Ambiance ... Calathea Rattlesnake Live Plant | Prayer Plant ... from Riverside Greenhouses,,18.99,False,False
calathea rattlesnake,calathea%27,8,https://www.etsy.com/market/calathea%27?page=8,18.99. Add to ... Calathea rattlesnake plant | House plants | a exotic plants ... from Riverside Greenhouses,,16.99,False,False
satin pothos,satin_pithos,3,https://www.etsy.com/market/satin_pithos?page=3,"Satin Pothos plant with large, heart-shaped leaves. ... from Riverside Greenhouses",2,16.99,False,False
satin pothos,satin_pithos,3,https://www.etsy.com/market/satin_pithos?page=3,FREE ... from Riverside Greenhouses,,,False,False
satin pothos,pothos_4_in,6,https://www.etsy.com/market/pothos_4_in?page=6,"Satin Pothos 4"" Live Houseplant | Scindapsus Pictus | Easy Care Vining Indoor Plant from Riverside Greenhouses",8,16.99,True,False
satin pothos,pothos_4_in,5,https://www.etsy.com/market/pothos_4_in?page=5,"Satin Pothos 4"" Live Houseplant | Scindapsus Pictus | Easy Care Vining Indoor Plant from Riverside Greenhouses",3,16.99,True,False
satin pothos,live_pothos_plants,4,https://www.etsy.com/market/live_pothos_plants?page=4,Satin Pothos Variegated Starter Plant NOT ROOTED ... from Riverside Greenhouses,35,17.99,False,False
cebu blue pothos,epipremnum_cebu,2,https://www.etsy.com/market/epipremnum_cebu?page=2,9.99. Add to Favorites ... from Riverside Greenhouses,31,15.99,False,False
cebu blue pothos,cebu_blue,2,https://www.etsy.com/market/cebu_blue?page=2,Cebu Blue Pothos Rooted Starter - Free Shipping! ... from Riverside Greenhouses,3,15.99,False,False
cebu blue pothos,cebu_blue_pothos_live,1,https://www.etsy.com/market/cebu_blue_pothos_live,"Cebu Blue Pothos 3"" Live Houseplant | Epipremnum Pinnatum | Easy Care Rare Vining Indoor Plant from Riverside Greenhouses",1,12.79,False,True
cebu blue pothos,rare_pothos_plant_live,4,https://www.etsy.com/market/rare_pothos_plant_live?page=4,"Cebu Blue Pothos 3"" Live Houseplant | Epipremnum Pinnatum | Easy Care Rare Vining Indoor Plant from Riverside Greenhouses",25,15.99,False,False
cebu blue pothos,blue_indoor_house_plants,7,https://www.etsy.com/market/blue_indoor_house_plants?page=7,"Cebu Blue Pothos 3"" Live Houseplant | Epipremnum Pinnatum | Easy Care Rare Vining Indoor Plant from Riverside Greenhouses",1,15.99,False,False
cebu blue pothos,low_light_exotic_house_plants,2,https://www.etsy.com/market/low_light_exotic_house_plants?page=2,"Blue Pothos Cutting, Silvery Blue Epipremnum Pinnatum ... from Riverside Greenhouses",3,16.99,False,False
cebu blue pothos,%28epipremnum_aureum,4,https://www.etsy.com/market/%28epipremnum_aureum?page=4,16.99. FREE shipping. Add to Favorites ... from Riverside Greenhouses,1,,False,False
christmas cactus,greenhouse_holiday_cactus,1,https://www.etsy.com/market/greenhouse_holiday_cactus,Christmas Cactus ... from Riverside Greenhouses,2,17.99,True,False
christmas cactus,blooming_holiday_cactus,1,https://www.etsy.com/market/blooming_holiday_cactus,Christmas cactus in a light green pot with vertical ... from Riverside Greenhouses,32,17.99,False,False
christmas cactus,live_flowering_cactus_plants,1,https://www.etsy.com/market/live_flowering_cactus_plants,"Purple Christmas Cactus Live Plant, 3 Inch Pot, 2 Plants ... from Riverside Greenhouses",30,17.99,False,False
christmas cactus,greenhouse_christmas_house,2,https://www.etsy.com/market/greenhouse_christmas_house?page=2,"Christmas Cactus 4"" Live Flowering Cactus | Surprise Color | Unique Holiday Plant from Riverside Greenhouses",35,17.99,True,False
sansevieria moonshine,sansevieria%2C_moonshine,2,https://www.etsy.com/market/sansevieria%2C_moonshine?page=2,"Sansevieria Moonshine 6"" Live Houseplant | Silver Snake Plant | Easy Care Low Light Indoor Plant from Riverside Greenhouses",3,18.99,True,False
sansevieria moonshine,sansevieria_moonshine_live_plant,1,https://www.etsy.com/market/sansevieria_moonshine_live_plant,"Sansevieria Moonshine 6"" Live Houseplant | Silver Snake Plant | Easy Care Low Light Indoor Plant from Riverside Greenhouses",31,23.99,False,False
sansevieria moonshine,sansevieria_moonshine_snake_plant_6,1,https://www.etsy.com/market/sansevieria_moonshine_snake_plant_6,"Sansevieria Moonshine 6"" Live Houseplant | Silver Snake Plant | Easy Care Low Light Indoor Plant from Riverside Greenhouses",23,21.99,True,False
sansevieria moonshine,moonshine_snake,1,https://www.etsy.com/market/moonshine_snake,"Silver Sansevieria ""Moonshine"", 4"" container ... from Riverside Greenhouses",35,23.99,False,False
sansevieria moonshine,live_sansevieria_moonshine,2,https://www.etsy.com/market/live_sansevieria_moonshine?page=2,"Sansevieria Moonshine 6"" Live Houseplant | Silver Snake Plant | Easy Care Low Light Indoor Plant from Riverside Greenhouses",3,18.99,True,False
sansevieria moonshine,sansevieria_moonshine_6%26rdquo%3B,1,https://www.etsy.com/market/sansevieria_moonshine_6%26rdquo%3B,"Sansevieria Moonshine 6"" Live Houseplant | Silver Snake Plant | Easy Care Low Light Indoor Plant from Riverside Greenhouses",13,21.99,True,False
sansevieria moonshine,moonshine_snake_plant_6,1,https://www.etsy.com/market/moonshine_snake_plant_6,18.00. Only 2 ... from Riverside Greenhouses,3,18.99,False,False
sansevieria moonshine,moonshine_silver_snake_plant,1,https://www.etsy.com/market/moonshine_silver_snake_plant,Sansevieria Moonshine ... from Riverside Greenhouses,35,23.99,False,False
texas ebony plant,house_real_plants,5,https://www.etsy.com/market/house_real_plants?page=5,"Tree, Drought-Tolerant Bonsai and Landscape Plant. (3.3k) ... from Riverside Greenhouses",31,18.00,True,False
hoya cummingiana,rare_hoya_plants,6,https://www.etsy.com/market/rare_hoya_plants?page=6,"Hoya Hindu Rope Variegated 2"" Live Houseplant | Hoya Carnosa Compacta | Rare Vining Plant from Riverside Greenhouses",1,13.99,False,False
,live_indoor_houseplant,7,https://www.etsy.com/market/live_indoor_houseplant?page=7,"Yellow Bromeliad 4"" Live Houseplant | Tropical Flowering Plant | Easy Care Indoor Plant from Riverside Greenhouses",10,18.99,True,False
,live_indoor_houseplant,1,https://www.etsy.com/market/live_indoor_houseplant,"Dieffenbachia Compacta 4"" Live Houseplant | Dumb Cane | Easy Care Tropical Indoor Plant from Riverside Greenhouses",31,18.99,False,False
,live_indoor_houseplant,6,https://www.etsy.com/market/live_indoor_houseplant?page=6,"Neon Pothos 4"" Live Houseplant | Epipremnum Aureum Neon | Easy Care Vining Indoor Plant from Riverside Greenhouses",10,16.49,True,False
,live_indoor_houseplant,8,https://www.etsy.com/market/live_indoor_houseplant?page=8,"The plant. Hoya Sunrise 4"" Live Houseplant | Rare Hoya | Easy Care Indoor Vining Plant from Riverside Greenhouses",10,18.99,True,False
,indoor_greenhouse_with_light,1,https://www.etsy.com/market/indoor_greenhouse_with_light,"Chinese Evergreen Lady Valentine 4"" Live Houseplant | Aglaonema | Easy Care Tropical Indoor Plant from Riverside Greenhouses",30,20.99,False,False
,polyscias_fruticosa_live_plant,1,https://www.etsy.com/market/polyscias_fruticosa_live_plant,"Ming Aralia Variegated 4"" Live Houseplant | Polyscias Fruticosa | Rare Indoor Plant from Riverside Greenhouses",1,26.99,True,False
,indoor_plant_greenhouse,1,https://www.etsy.com/market/indoor_plant_greenhouse,"Ming Aralia Variegated 4"" Live Houseplant | Polyscias Fruticosa | Rare Indoor Plant from Riverside Greenhouses",30,20.99,True,False
,house_plant_maranta,4,https://www.etsy.com/market/house_plant_maranta?page=4,"Lemon Lime Maranta Prayer Plant 3"" Live Houseplant | Maranta Leuconeura | Easy Care Indoor Plant from Riverside Greenhouses",35,16.99,False,False
,seed_houseplant,3,https://www.etsy.com/market/seed_houseplant?page=3,"Dieffenbachia Compacta 4"" Live Houseplant | Dumb Cane | Easy Care Tropical Indoor Plant from Riverside Greenhouses",8,18.99,False,False
