plant,market_slug,market_page,card_shop_review_count,card_price,market_url
calathea rattlesnake,rattlesnake_plant_4_in,1,,17.99,https://www.etsy.com/market/rattlesnake_plant_4_in
calathea rattlesnake,rattlesnake_live,3,35,17.99,https://www.etsy.com/market/rattlesnake_live?page=3
calathea setosa,calathea_setosa_grey_star,1,3,18.99,https://www.etsy.com/market/calathea_setosa_grey_star
cebu blue pothos,cebu_blue_pothos_live,1,1,12.79,https://www.etsy.com/market/cebu_blue_pothos_live
cebu blue pothos,cebu_blue,2,3,15.99,https://www.etsy.com/market/cebu_blue?page=2
hoya australis lisa,australis_lisa,1,,16.99,https://www.etsy.com/market/australis_lisa
hoya australis lisa,australis_lisa_hoya_variegated,1,,16.99,https://www.etsy.com/market/australis_lisa_hoya_variegated
hoya australis lisa,house_plants_hoya_australis_lisa,1,26,18.99,https://www.etsy.com/market/house_plants_hoya_australis_lisa
hoya australis lisa,hoya_australis_%7C_hoya_lisa,1,3,16.99,https://www.etsy.com/market/hoya_australis_%7C_hoya_lisa
hoya australis lisa,hoya_lisa_4,1,25,16.99,https://www.etsy.com/market/hoya_lisa_4
hoya australis lisa,live_hoya_lisa,1,3,16.99,https://www.etsy.com/market/live_hoya_lisa
hoya australis lisa,variegated_hoya_australis_lisa,1,,16.99,https://www.etsy.com/market/variegated_hoya_australis_lisa
hoya carnosa compacta,hoya_compacta_2,1,35,16.99,https://www.etsy.com/market/hoya_compacta_2
hoya kerrii,hoya_kerrii_leaf,1,3,21.99,https://www.etsy.com/market/hoya_kerrii_leaf
hoya kerrii,hoya_kerrii_variegated_live_plants,1,6,21.99,https://www.etsy.com/market/hoya_kerrii_variegated_live_plants
hoya kerrii,hoya_kerrii_plant,3,13,21.99,https://www.etsy.com/market/hoya_kerrii_plant?page=3
hoya kerrii,hoya_kerrii_plants,4,35,21.99,https://www.etsy.com/market/hoya_kerrii_plants?page=4
hoya sunrise,hoya_sunrise_4,1,,18.99,https://www.etsy.com/market/hoya_sunrise_4
hoya sunrise,hoya_sunrise_free_shipping,1,35,18.99,https://www.etsy.com/market/hoya_sunrise_free_shipping
hoya sunrise,hoya_sunrise_live_plant,1,35,18.99,https://www.etsy.com/market/hoya_sunrise_live_plant
hoya sunrise,hoya_sunrise_plants,1,13,18.99,https://www.etsy.com/market/hoya_sunrise_plants
hoya sunrise,hoya_sunrise_sunrise,1,2,18.99,https://www.etsy.com/market/hoya_sunrise_sunrise
hoya sunrise,sunrise_hoya_plant,1,5,18.99,https://www.etsy.com/market/sunrise_hoya_plant
monstera peru,monstera_peru_karstenianum,1,26,19.99,https://www.etsy.com/market/monstera_peru_karstenianum
monstera peru,monstera_peru_karstenianum_plant,1,32,17.50,https://www.etsy.com/market/monstera_peru_karstenianum_plant
monstera peru,plants_from_peru,1,26,17.50,https://www.etsy.com/market/plants_from_peru
monstera peru,albo_peru,2,4,17.99,https://www.etsy.com/market/albo_peru?page=2
monstera peru,monstera_peru_albo,2,5,17.99,https://www.etsy.com/market/monstera_peru_albo?page=2
monstera siltepecana,monstera_siltepecana,1,35,21.99,https://www.etsy.com/market/monstera_siltepecana
monstera siltepecana,monstera_siltepecana_plant_live,1,35,21.99,https://www.etsy.com/market/monstera_siltepecana_plant_live
peperomia hope,peperomia_hope_houseplant,1,32,17.99,https://www.etsy.com/market/peperomia_hope_houseplant
peperomia hope,peperomia_hope_plant_live,1,8,16.99,https://www.etsy.com/market/peperomia_hope_plant_live
peperomia hope,trailing_peperomia_hope,1,6,16.99,https://www.etsy.com/market/trailing_peperomia_hope
peperomia hope,peperomia_hope_live_plant,2,26,17.99,https://www.etsy.com/market/peperomia_hope_live_plant?page=2
philodendron brasil,philodendron_brasil_6,1,6,18.99,https://www.etsy.com/market/philodendron_brasil_6
philodendron brasil,philodendron_brasil_6_in,1,,18.99,https://www.etsy.com/market/philodendron_brasil_6_in
philodendron brasil,brasil_variegated_philodendron,2,8,18.99,https://www.etsy.com/market/brasil_variegated_philodendron?page=2
philodendron brasil,philodendron_brasil_live,2,3,18.99,https://www.etsy.com/market/philodendron_brasil_live?page=2
philodendron brasil,philodendron_brasil_plant,5,2,18.99,https://www.etsy.com/market/philodendron_brasil_plant?page=5
philodendron micans,philodendron_micans_live_plant,1,,15.99,https://www.etsy.com/market/philodendron_micans_live_plant
philodendron micans,philodendron_%27micans%27_velvet,2,26,15.99,https://www.etsy.com/market/philodendron_%27micans%27_velvet?page=2
pilea peperomioides,chinese_money_tree,2,26,21.99,https://www.etsy.com/market/chinese_money_tree?page=2
pilea peperomioides,pilea_peperomioides_plant_live,2,13,21.99,https://www.etsy.com/market/pilea_peperomioides_plant_live?page=2
pilea peperomioides,pilea_peperomioides_plants,2,21,21.99,https://www.etsy.com/market/pilea_peperomioides_plants?page=2
pilea peperomioides,plant_pilea_peperomioides,2,30,21.99,https://www.etsy.com/market/plant_pilea_peperomioides?page=2
pilea peperomioides,chinese_money_plant_pilea,3,2,21.99,https://www.etsy.com/market/chinese_money_plant_pilea?page=3
pilea peperomioides,pilea_peperomioides_plant,4,3,21.99,https://www.etsy.com/market/pilea_peperomioides_plant?page=4
pilea peperomioides,pilea_plant_indoor,6,3,21.99,https://www.etsy.com/market/pilea_plant_indoor?page=6
rhaphidophora tetrasperma,rhaphidophora_tetrasperma%2C_mini_monstera,1,4,16.99,https://www.etsy.com/market/rhaphidophora_tetrasperma%2C_mini_monstera
rhaphidophora tetrasperma,rhaphidophora_tetrasperma_mini_monstera,1,30,17.99,https://www.etsy.com/market/rhaphidophora_tetrasperma_mini_monstera
rhaphidophora tetrasperma,rhaphidophora_tetrasperma_mini_monstera_albo,1,8,16.99,https://www.etsy.com/market/rhaphidophora_tetrasperma_mini_monstera_albo
rhaphidophora tetrasperma,rhaphidophora_tetrasperma_monster,1,2,27.99,https://www.etsy.com/market/rhaphidophora_tetrasperma_monster
rhaphidophora tetrasperma,rhaphidophora_tetrasperma_albo,2,30,27.99,https://www.etsy.com/market/rhaphidophora_tetrasperma_albo?page=2
rhaphidophora tetrasperma,tetrasperma_rhaphidophora,2,21,16.99,https://www.etsy.com/market/tetrasperma_rhaphidophora?page=2
sansevieria moonshine,moonshine_silver_snake_plant,1,35,23.99,https://www.etsy.com/market/moonshine_silver_snake_plant
sansevieria moonshine,moonshine_snake,1,35,23.99,https://www.etsy.com/market/moonshine_snake
sansevieria moonshine,sansevieria_moonshine_6%26rdquo%3B,1,13,21.99,https://www.etsy.com/market/sansevieria_moonshine_6%26rdquo%3B
sansevieria moonshine,sansevieria_moonshine_live_plant,1,31,23.99,https://www.etsy.com/market/sansevieria_moonshine_live_plant
sansevieria moonshine,sansevieria_moonshine_snake_plant_6,1,23,21.99,https://www.etsy.com/market/sansevieria_moonshine_snake_plant_6
sansevieria moonshine,live_sansevieria_moonshine,2,3,18.99,https://www.etsy.com/market/live_sansevieria_moonshine?page=2
sansevieria moonshine,sansevieria%2C_moonshine,2,3,18.99,https://www.etsy.com/market/sansevieria%2C_moonshine?page=2
satin pothos,satin_pithos,3,2,16.99,https://www.etsy.com/market/satin_pithos?page=3
syngonium chiapense,chiapense_plant,1,3,21.99,https://www.etsy.com/market/chiapense_plant
syngonium chiapense,syngonium_chiapense_plant,1,3,21.99,https://www.etsy.com/market/syngonium_chiapense_plant
syngonium mojito,mojito_syngoniums,1,13,23.99,https://www.etsy.com/market/mojito_syngoniums
syngonium mojito,syngonium_mojito.,1,3,23.99,https://www.etsy.com/market/syngonium_mojito.
syngonium mojito,syngonium_mojito_house_plants,1,6,23.99,https://www.etsy.com/market/syngonium_mojito_house_plants
syngonium mojito,plant_mojito,2,25,23.99,https://www.etsy.com/market/plant_mojito?page=2
watermelon peperomia,4_watermelon_peperomia,1,3,18.99,https://www.etsy.com/market/4_watermelon_peperomia
watermelon peperomia,string_of_watermelon_plant_live,1,30,18.99,https://www.etsy.com/market/string_of_watermelon_plant_live
watermelon peperomia,watermelon_peperomia_argyreia,1,8,18.99,https://www.etsy.com/market/watermelon_peperomia_argyreia
watermelon peperomia,indoor_plants_watermelon,3,4,18.99,https://www.etsy.com/market/indoor_plants_watermelon?page=3
