plant,shopping_rows,etsy_rows,named_shops,cuttings_pct,free_delivery_pct,price_median_all,price_p25_potted,price_median_potted,price_p75_potted,n_potted,median_title_len_top10,median_title_len_all,owner_in_shopping_top40,owner_best_pos,owner_price_in_shopping
calathea rattlesnake,40,40,11,12,35,16.08,15.0,19.2,24.0,34,52.5,82.5,0,,
calathea setosa,17,17,8,6,12,29.2,23.21,33.6,40.0,14,100.5,92.0,0,,
cebu blue pothos,40,24,6,17,42,17.99,5.0,16.29,25.0,18,34.0,73.0,0,,
christmas cactus,40,34,6,3,65,40.74,18.84,42.74,47.79,31,78.0,115.5,0,,
hoya australis lisa,40,40,11,25,15,26.0,19.74,36.72,62.56,27,38.0,66.0,0,,
hoya carnosa compacta,40,34,4,3,32,35.0,25.0,39.95,52.62,29,102.5,84.5,0,,
hoya cummingiana,40,40,5,28,20,25.0,21.5,28.0,50.0,28,52.0,58.5,0,,
hoya kerrii,40,37,4,16,24,22.0,16.37,28.74,41.5,30,42.0,73.0,0,,
hoya sunrise,40,40,10,18,20,25.0,20.76,29.84,43.87,28,23.0,44.5,1,8,18.99
monstera peru,40,34,8,12,35,31.74,19.63,33.49,50.28,30,64.0,55.5,0,,
monstera siltepecana,40,26,5,19,35,27.97,22.06,29.99,57.12,21,72.0,71.0,0,,
peperomia hope,40,27,8,0,33,23.95,13.4,21.98,28.01,26,39.5,45.0,0,,
philodendron brasil,40,40,10,38,2,15.0,13.86,15.6,37.5,22,62.0,64.5,0,,
philodendron micans,40,28,5,7,18,49.47,22.0,55.0,69.36,25,80.0,75.5,0,,
philodendron pink princess,40,32,8,0,28,30.11,16.53,30.11,87.97,32,66.5,70.0,0,,
pilea peperomioides,40,40,7,0,52,13.5,5.88,12.0,23.95,37,97.5,92.0,1,39,21.99
raven zz plant,40,40,8,10,20,25.09,18.5,30.0,50.0,33,41.5,62.0,0,,
rhaphidophora tetrasperma,40,40,8,5,8,66.25,21.99,67.5,99.99,37,48.5,66.5,0,,
sansevieria moonshine,40,40,6,2,10,30.0,22.05,30.0,50.9,39,58.5,63.5,0,,
satin pothos,40,38,7,45,21,12.0,7.0,19.48,28.37,18,60.0,76.5,0,,
syngonium chiapense,40,40,1,0,8,40.93,28.14,40.93,52.47,40,34.0,58.0,1,24,21.99
syngonium mojito,29,20,1,10,25,21.25,18.48,22.84,42.91,18,79.0,67.0,0,,
syngonium pink splash,40,26,5,0,27,26.5,18.95,30.0,54.0,23,78.0,70.0,0,,
texas ebony plant,16,13,6,38,15,17.99,17.68,32.99,80.35,8,59.0,56.0,0,,
watermelon peperomia,40,34,9,12,35,15.5,12.25,16.99,28.55,29,71.5,64.5,1,29,18.99
