plant,pos,source,shop,title,price,delivery,rating,reviews,shop_sales,shop_reviews,shop_rating,shop_age_years,shop_star,listing_id
calathea rattlesnake,1,Etsy - NYCitySucculents,NYCitySucculents,Calathea Lancifolia Rattlesnake Plant,16.07,,4.8,1100,,,,,,
calathea rattlesnake,2,Etsy - Seller,,Perfect Plants Calathea Rattlesnake Plant 6 Inch Pot,20,,4.9,303,,,,,,
calathea rattlesnake,3,Etsy - Seller,,Succulents Box Rattlesnake Plant for Sale Calathea Lancifolia Feng Shui Indoor Plant,15.99,,4.9,710,,,,,,
calathea rattlesnake,4,Etsy - Seller,,Rattlesnake Calathea Lancifolia potted plant,8.5,,2,1,,,,,,
calathea rattlesnake,5,Etsy - Seller,,Wekiva Foliage Rattlesnake Calathea Live Plant in Pot,14.45,,4.8,60,,,,,,
calathea rattlesnake,6,Etsy - FreshFromGreenhouse,FreshFromGreenhouse,Rattlesnake Calathea Plant Rare Tropical Calathea Lancifolia Pot,19.2,Free delivery,4.9,16,,,,,,
calathea rattlesnake,7,Etsy - Seller,,Calathea Lancifolia Rattlesnake Pot,21,,4.9,66,,,,,,
calathea rattlesnake,8,Etsy - Seller,AllAboutPlantiesLLC,Calathea Rattlesnake spotted starter plant *(ALL plants require you to purchase any 2 plants)*,13.53,Free delivery,4.5,4,45.0,6.0,4.8,1.5,,4494355322
calathea rattlesnake,9,Etsy - Seller,,Rattlesnake Houseplant - Calathea lancifolia Insignis - Live 'STARTER' Plant,21.99,Free delivery,5,1,,,,,,
calathea rattlesnake,10,Etsy - Seller,,Calathea Insignis Rattlesnake Calathea,16.09,,4.9,34,,,,,,
calathea setosa,1,Etsy - TheGreenEscape,TheGreenEscape,"Calathea pilosa 2"" pot (ALL PLANTS require you to purchase 2 plants!)",12.8,Free delivery,5,4,,,,,,
calathea setosa,2,Etsy - Seller,,"Handmade Paper Plant - Calathea White Star, rare houseplant, Housewarming gift, pet friendly",39.95,Free delivery,,,,,,,,1169126875
calathea setosa,3,Etsy - KodamaForest,KodamaForest,Calathea and Austral Gem Fern Combo Kokedama - Bonsai Moss ball - Japanese house plant decoration,42,,5,2,,,,,,
calathea setosa,4,Etsy - Seller,atinsuy,"Crimson Burst Calathea 25 Seeds, Rare Tropical Foliage Plant, Indoor Houseplant, Exotic Patterned Leaves",11.29,,,,,,,,,4315331708
calathea setosa,5,Etsy - Seller,RakonanganBonsai,Calathea pink jessy rare aroid plant - variegated plant - indoor & outdoor plant aroid tropical house plant New plant,40,,,,,,,,True,4525535330
calathea setosa,6,Etsy - LilyParadiseFlowers,LilyParadiseFlowers,"6"" Calathea Makoyana Peacock | Geoppertia Makoyana | Rare Live Plant",24,,5,1,,,,,,
calathea setosa,7,Etsy,,"Calathea (Rattlesnake) Kokedama + Saucer, Plant, Gifts For Her, Houseplant, Moss Ball, Gift for Him, Plant Mom, Unique, Centerpiece, Decor",62,,,,,,,,,
calathea setosa,8,Etsy - Seller,ikakostore,Calathea pink jesi - rare tropical plant variegated,40,,4.4,195,43.0,15.0,4.8,2.0,,4525537091
calathea setosa,9,Etsy - PlantVers,PlantVers,Calathea 'Rattlesnake' en maceta de 10 cm - Planta de Calathea Lancifolia viva - Planta de calathea de interior - Planta de regalo para cumpleaños y g,14.83,,4.8,1100,,,,,,
calathea setosa,10,Etsy - Seller,,"4"" Dottie Calathea plant pot - chic and colorful hot pink purple leaf foliage - Prayer houseplant- beautiful patterns - home decor",22.95,,,,,,,,,
cebu blue pothos,1,eBay,,Epipremnum Cebu Blue Variegated Rare Plant Indoor Climbing Houseplant,130.43,,5,1,,,,,,
cebu blue pothos,2,Etsy,PrayerfullyPlanted,"Cebu Blue Pothos, Epipremnum Pinnatum Cuttings for Propagation, Rooted Houseplants, Live Indoor Plants Gifts, Growing Propagating Planter",4.64,,,,914.0,323.0,5.0,,True,1772452318
cebu blue pothos,3,Wekiva Foliage,,Wekiva Foliage Cebu Blue Pothos Live Plant in Pot,30.98,Free delivery by Fri,4.3,184,,,,,,
cebu blue pothos,4,Etsy,,"Pothos azul de Cebú / Epipremnum pinnatum / RARO / Planta de interior VIVA / ¡Nudos, esquejes sin raíces y enraizados para propagación!",4,,5,76,,,,,,
cebu blue pothos,5,Etsy,,esquejes de Pothos azul de Cebú,3,,5,3,,,,,,
cebu blue pothos,6,Etsy,,Epipremnum Global Green,30,,,,,,,,,
cebu blue pothos,7,Etsy - Seller,,Epipremnum Global Green,25,Free delivery,,,,,,,,
cebu blue pothos,8,Etsy - Seller,,"5"" Cebu Blue Pothos Hanging Basket",24.99,,,,,,,,,
cebu blue pothos,9,Etsy - PlantVers,PlantVers,"Cebu Blue Pothos in a 3"" Nursery Pot | Epipremnum Pinnatum Vining Plant | Air Purifying Indoor Houseplant | Low Light Best Office Plant",26.98,,4.3,11,,,,,,
cebu blue pothos,10,Garden Seed,,Epipremnum Cebu Blue Rare House Plant,15,,4,13,,,,,,
christmas cactus,1,Apple Home,,Succulents Box Random Color Christmas Cactus Thanksgiving Cactus,15.25,,4.5,341,,,,,,
christmas cactus,2,Succulents Box,,Succulents Box Blooming Christmas Cactus for Sale Online Holiday Gift Decor Ideas,18.68,,4.5,1,,,,,,
christmas cactus,3,Succulents Box,,Succulents Box Blooming Christmas Cactus for Sale Online Holiday Gift Decor Ideas,33.3,,4.5,1,,,,,,
christmas cactus,4,Etsy - HeyJBDesign,HeyJBDesign,"Mini Christmas Cactus Template | Rolled Paper House Plant, Holiday Miniatures, Printable Christmas Decor",2.99,Free delivery,5,6,,,,,,
christmas cactus,5,Succulents Box,,Succulents Box Blooming Christmas Cactus for Sale Online Holiday Gift Decor Ideas,20.75,,4.5,1,,,,,,
christmas cactus,6,Etsy - Seller,TheSecretYarnery,Crochet Christmas Cactus Pattern: DIY Holiday Decor (PDF Pattern),9.75,Free delivery,2.9,24,,,,,,1598143641
christmas cactus,7,Etsy - Jungletropicalexotic,Jungletropicalexotic,Holiday Cactus – Schlumbergera,14.99,,2.3,52,,,,,,
christmas cactus,8,rewilddc.com,,"Christmas Cactus 2.5""",16,,,,,,,,,
christmas cactus,9,Etsy - SucculentFrenzy,SucculentFrenzy,Schlumbergera Truncata - Holiday Cactus Mixed color Red Yellow Pink Purple White Bestseller,7,,5,30,,,,,,
christmas cactus,10,Garden Plant For Sale,,Set of 2 White Christmas Cactus Live Plants 4-8 Inch Tall - Schlumbergera,26.99,,3.7,280,,,,,,
hoya australis lisa,1,Etsy - CTSairplants,CTSairplants,Hoya Australis Lisa Plant Succulents Box,14.95,,4.7,111,3200.0,1600.0,4.9,3.0,True,4542823667
hoya australis lisa,2,Etsy - AmericanCenturyShop,AmericanCenturyShop,Hoya australis Lisa - 6cm,18,,4.9,17,,,,,,
hoya australis lisa,3,Etsy - Seller,,Hoya australis Lisa,38,Free delivery,,,,,,,,
hoya australis lisa,4,Etsy - Seller,,Hoya Lisa Australis **1 node CUTTING,6.79,,5,3,248.0,102.0,4.8,2.0,,4383417655
hoya australis lisa,5,Etsy,LeavesByJanuary,"Hoya Australis 'Lisa' - 3 rooted plants - 4"" pot",20,,,,31.0,15.0,5.0,0.25,,4570248524
hoya australis lisa,6,Etsy - Seller,,Hoya australis 'Lisa' 12cm,70.14,,4.6,27,,,,,,
hoya australis lisa,7,Etsy,,"Rara Hoya Australis Lisa - 4"" de California Tropicals",18.99,Free delivery,4.7,74,,,,,,
hoya australis lisa,8,Etsy - Seller,,Mounted Hoya Australis Lisa,45,,,,,,,,,
hoya australis lisa,9,Etsy - AmericanCenturyShop,AmericanCenturyShop,Hoya Australis 'Lisa' - Variedad interior - Planta exacta,18,,4.6,259,,,,,,
hoya australis lisa,10,Etsy - Seller,,Hoya Australis Lisa Rare Tropical Houseplant | Rooted Wax Vine Collector Plant,74.99,,,,,,,,,
hoya carnosa compacta,1,The Minocqua Marketplace,,"Hoya Rope Plant 6"" Pot / Cow Pot",72.99,,,,,,,,,
hoya carnosa compacta,2,American Gringo,,"Hoya Rope Plant 6"" Pot / Cow Pot",72.99,,5,120,,,,,,
hoya carnosa compacta,3,The Leafy Branch,,"Hoya Rope Plant 6"" Pot / Cow Pot",72.99,,5,120,,,,,,
hoya carnosa compacta,4,Wilbur & Me Boutique,,"Hoya Rope Plant 6"" Pot / Cow Pot",72.99,,5,120,,,,,,
hoya carnosa compacta,5,Wilbur & Me Boutique,,"Hoya Rope Plant 6"" Pot / Eco Pot Black",72.99,,5,128,,,,,,
hoya carnosa compacta,6,Etsy - Seller,,Hoya Lacunosa Live Plant | Rare Silver Leaf Hoya with Fragrant Blooms | Rooted Collector Houseplant | California Grown,39.98,,,,,,,,,
hoya carnosa compacta,7,Wayfair,,Hoya Hindu Rope Carnosa Compacta 6 inch Live Plant with Pot & Soil,43.79,Free delivery,5,710,,,,,,
hoya carnosa compacta,8,Etsy,,Esqueje de Hoya Carnosa Nova con raíz fantasma: planta de cera ideal para principiantes,29,Free delivery,,,,,,,,
hoya carnosa compacta,9,Etsy,,"Hoya Compacta variegada, planta de cuerda hindú, Hoya colgante rara, planta de interior viva, planta de cera rizada, regalo de planta de interior",39.95,,4.7,633,,,,,,
hoya carnosa compacta,10,Etsy - Seller,BumblePlantsCom,"Full Hoya Linearis Full Trailing Hanging Basket 5"" pot - Rare Houseplant Pet Friendly",26.95,Free delivery,2.8,71,724.0,266.0,4.5,,,4308707529
hoya cummingiana,1,Etsy,,Hoya Cumingiana Outer variegated,14.95,,,,,,,,,
hoya cummingiana,2,Etsy,,Hoya Cumingiana Outer Variegated Rooted Specimen | Exact Selection Cream Border Stratum,25,,,,,,,,,
hoya cummingiana,3,Etsy,LaurasTreasureStore,"Hoya Cummingiana mix pot, green and albo marginata",25,,,,,,,,,4483221483
hoya cummingiana,4,Etsy,,"Planta joven de Hoya Cumingiana, Hoya de hojas pequeñas, Planta Hoya rara, Planta de interior purificadora de aire, Regalo para coleccionistas de Hoya",19.99,Free delivery,,,,,,,,
hoya cummingiana,5,Etsy - Seller,,Hoya Cumingiana Albo | Rare White-Edged Hoya | Rooted Live Plant | Collector Houseplant | California Grown,27.2,,,,,,,,,
hoya cummingiana,6,Etsy,,Hoya Cumingiana Variegated 4” - Growets Choice,50,,,,,,,,,
hoya cummingiana,7,Etsy,,Hoya Cummingiana - 4'' de los tropicales de California,17.99,Free delivery,5,5,,,,,,
hoya cummingiana,8,Etsy - FreshFromGreenhouse,FreshFromGreenhouse,"Hoya plant David Cummingii, wax vine plant , great gift for tropical houseplant lovers | 2 plants required per order |",28,Free delivery,4.7,3,,,,,,
hoya cummingiana,9,Etsy - PlantingWithWine,PlantingWithWine,Hoya Cummingiana variegated - NOT rooted cutting,5,,4.8,27,,,,,,
hoya cummingiana,10,Etsy - Seller,,Hoya cumingiana Rare Hoya Wax Plant,20,,4.9,57,,,,,,
hoya kerrii,1,Greenspaces.id,,"Succulents Box Variegated Trailing Hoya Kerrii Heart 4"" Pot",25,,,,,,,,,
hoya kerrii,2,Etsy - Seller,,Hoya Kerri Inner Variegated,30,,,,,,,,,
hoya kerrii,3,Etsy - Seller,,RARE Trailing Hoya Kerrii Heart Large Size – Pet Friendly Easy Care,62,Free delivery,,,,,,,,
hoya kerrii,4,Etsy,,Hoya Kerrii Heartplant ↑ 10 cm,5.93,,,,,,,,,1784844923
hoya kerrii,5,Etsy - CaliforniaTropicals,CaliforniaTropicals,Hoya Kerrii Variegated 3+Leaves,32.99,Free delivery,5,301,,,,,,
hoya kerrii,6,Etsy - Seller,,Hoya kerrii spooky starter pot (ALL PLANTS require you to purchase 2 plants!),22,Free delivery,,,,,,,,
hoya kerrii,7,Etsy - JUSTpaintingArts,JUSTpaintingArts,Sweet heart Hoya kerrii variegated and Bee,25,,,,,,,,,
hoya kerrii,8,Etsy - Seller,,3X Hoya Kerii Varigated Plant Rare House,95,,,,,,,,,
hoya kerrii,9,Etsy - Seller,,Hoya Kerrii Albomarginata Live Plant | Exact Rooted 5 Inch Pot | Outer Variegated Sweetheart Hoya,29.74,,,,,,,,,
hoya kerrii,10,Etsy,,"Hoya Kerrii variegada, variedad rara. Corazón de la suerte. Un regalo estupendo. Envío rápido.",10.75,,,,,,,,,
hoya sunrise,1,Etsy - Seller,,Hoya Sunrise | Rare Hoya Plant,18,,4.6,62,9200.0,3100.0,4.8,8.0,,1393853892
hoya sunrise,2,Etsy - Seller,,Hoya Sunrise,30,,4.6,81,,,,,,
hoya sunrise,3,Etsy - Seller,,Hoya 'Sunrise' 6,16,,,,,,,,,
hoya sunrise,4,Etsy - Seller,,"Hoya Sunrise Cutting: Rare Vining Wax Plant, Unrooted cutting 2-Leaf/2-Node",7.24,,5,29,,,,,,4368571458
hoya sunrise,5,Etsy - Seller,SarahsGreenthumbery,"2"" Rare Hoya Sunrise (Lacunosa/Obscura) Plant",8,,,,,,,,,4362020483
hoya sunrise,6,Etsy - Seller,,Hoya sunrise,25,Free delivery,,,,,,,,
hoya sunrise,7,Etsy - Seller,,"Hoya sunrise - 6""",60,Free delivery,4.9,52,,,,,,
hoya sunrise,8,Etsy - Seller,RvsdGreenhouses,"Hoya Sunrise 4"" Live Houseplant | Rare Hoya | Easy Care Indoor Vining Plant from Riverside Greenhouses",18.99,Free delivery,5,2,2.0,0,,0.0,,4513836738
hoya sunrise,9,Etsy - Seller,,Hoya Sunrise cutting UNROOTED,8,,5,2,,,,,,
hoya sunrise,10,Etsy - Seller,,"HOYA SUNRISE - 4""",21.01,,4.9,71,,,,,,
monstera peru,1,ShopTansy,,Succulents Box Monstera 'Peru' Live Plant Rare Textured Karstenianum Aroid Houseplant,49.99,,,,,,,,,
monstera peru,2,Hope It Grows,,"Monstera 'Peru' - 2"" Pot",38,,4.5,78,,,,,,
monstera peru,3,Mercari,,Jungle Monstera Peru Rooted - Garden & Outdoor | Color: Green,22,,3.3,74,,,,,,
monstera peru,4,Fernclay,,"Monstera 'Peru' — Puckered Glossy Leaves | FernClay 6"" Pot",108,Free delivery,,,,,,,,
monstera peru,5,Etsy - Seller,,"Monstera Peru 5,5 inch full pot",25,,,,,,,,,4479489108
monstera peru,6,Etsy - Seller,,Monstera Obliqua Rare Uniqe Plant,31.5,,3.6,51,,,,,,1682650754
monstera peru,7,PamMechell Plant Oasis,,Monstera Peru cutting,10,,3.4,86,,,,,,
monstera peru,8,Etsy - Seller,,"Monstera Houseplant | Easy Care, Air Purifying, Indoor Plants, Plant Lover, Monstera Plant Gift",27.2,Free delivery,,,,,,,,
monstera peru,9,Etsy - PlantificationCanada,PlantificationCanada,Monstera Varieties - Plant Identification Chart Digital Download,5.79,Free delivery,5,12,,,,,,1528135015
monstera peru,10,Etsy - PlantificationCanada,PlantificationCanada,Monstera Varieties - Plant Identification Chart - Digital Download,4.25,Free delivery,2.4,42,,,,,,1528135015
monstera siltepecana,1,Etsy - Seller,,"4.5"" SILTEPECENA hanging basket; MONSTERA house plant - attractive trailing with new growth - home decor - lovely foliage",27.95,,3.5,67,,,,,,
monstera siltepecana,2,Etsy - Seller,AcadiaPlants,XL Rooted Cutting of Monstera Dwyeri LARGE LEAF,120,,,,,,,,,1884662304
monstera siltepecana,3,Etsy,,Monstera Electro Light Live Plant Tissue Culture / Monsteras Electrolyte Deliciosa / Indoor House Plants Gifts / Houseplants Plantlet,29.99,,4.3,9,,,,,,4491146298
monstera siltepecana,4,Etsy - Seller,,Monstera sierrana Starter Plant (ALL STARTER PLANTS require you to purchase 2 plants!),26.69,Free delivery,3.2,47,,,,,,
monstera siltepecana,5,Etsy,StupidEggHouseplants,Monstera Deliciosa - Swiss Cheese House Plant - optional ceramic planter,22.06,,,,138900.0,32299.999999999996,4.9,,True,1059270702
monstera siltepecana,6,Etsy - Seller,,"Monstera Houseplant | Easy Care, Air Purifying, Indoor Plants, Plant Lover, Monstera Plant Gift",27.2,Free delivery,,,,,,,,
monstera siltepecana,7,Etsy,,Esqueje de Monstera Siltepecana,4.49,,3.5,1,,,,,,
monstera siltepecana,8,Etsy - Seller,,Real pict monstera marmourata variegated 1 leavee Free pithosanitary,27.76,,,,,,,,,
monstera siltepecana,9,Mercari,,Handmade Monstera Siltepecana Cuttings X(5) - Garden & Outdoor,10,,,,,,,,,
monstera siltepecana,10,Etsy - Seller,,Real pict monstera marmourata variegated 3 leavee Free pithosanitary,41.64,,,,,,,,,
peperomia hope,1,Hope It Grows,,"Peperomia 'Hope' - 6"" Pot",68,,2.8,1,,,,,,
peperomia hope,2,The Fernseed,,Peperomia Hope - 2-inch,9.99,,,,,,,,,
peperomia hope,3,Etsy - AmandaMeszarosArt,AmandaMeszarosArt,"Peperomia Hope Succulent Watercolor Vinyl Sticker 3""",5,Free delivery,5,1,,,,,,
peperomia hope,4,Etsy,,Peperomia 'Hope Pot,30.1,Free delivery,3.2,1,,,,,,
peperomia hope,5,Hope It Grows,,"Peperomia 'Hope' - 3"" Pot",16,,5,106,,,,,,
peperomia hope,6,Etsy,,"Planta de peperomia Hope en maceta de 7,5 cm, planta de peperomia colgante viva, planta de peperomia redonda, planta de peperomia rotundifolia",19.2,,,,,,,,,
peperomia hope,7,Etsy - Seller,,Peperomia 'hope' Houseplant,19.49,,3.4,1,,,,,,
peperomia hope,8,,,"Hope Peperomia -4"" Pot",6,,4.8,241,,,,,,
peperomia hope,9,Etsy - Seller,,Peperomia Tetraphylla Hope 20 cm Easy-care & low-maintenance indoor plant,26.39,,,,,,,,,
peperomia hope,10,Etsy - NYCitySucculents,NYCitySucculents,Peperomia hope,28.55,,4.8,25,,,,,,
philodendron brasil,1,Etsy - Seller,Aston15,Philodendron White Princess Tricolor Variegated - Rare Unique Plant,108.06,,4.8,3300,31.0,7.0,5.0,2.5,,4500539958
philodendron brasil,2,Etsy - Seller,HousePlantsLiving,Philodendron brandiatum (4 different size rooted plants)/cuttings bare rooted,6.99,,2.3,1,,,,,,1269397762
philodendron brasil,3,Etsy - Seller,,Philodendron Spiritus Sancti - Ultra-Rare Collector's Aroid,325,,,,,,,,,
philodendron brasil,4,Etsy - EmeraldGardensGH,EmeraldGardensGH,Philodendron Brasil Plant in 6 in. Grower Pot,19.99,,3.3,231,,,,,,1885117650
philodendron brasil,5,Etsy - Seller,,"Mystery/Pet Safe House Plant in 4"" Pot",13.5,,4.7,106,5400.0,2000.0,4.9,6.0,,1313167289
philodendron brasil,6,Etsy - Seller,GreenplantsBoutique,"Philodendron Brazil Cutting. Sweetheart, Scandens, unrooted Pothos , Philodendron house plant",7,,4,1,,,,,,1088991953
philodendron brasil,7,Etsy,,Philodendron Florida beauty x mayoi 5” / Live Plant Ready to Ship,115,,,,,,,,,
philodendron brasil,8,Etsy - Seller,,Miniature Philodendron Brazil in Terracotta Pot,18,,,,,,,,,
philodendron brasil,9,Etsy - Seller,,"Philodendron Spiritus Sancti 2"" Pot",25,,5,5,,,,,,1832409181
philodendron brasil,10,Etsy - Seller,,Plant Node Cuttings for Propogation | Variety of Mystery Plant Cuttings | Unrooted Cuttings | Plant Mystery Box Pothos Hoya Monstera Plants,10.5,,5,36,,,,,,
philodendron micans,1,Etsy - Seller,,Philodendron Micans Velvet Leaf Philodendron,42.99,,5,162,,,,,,
philodendron micans,2,Etsy - Seller,,Philodendron Micans vining starter plant ALL plants require you to purchase ANY 2 plants,22,Free delivery,3.2,105,,,,,,
philodendron micans,3,Fernclay,,"Philodendron 'Velvet' — Bronze Micans Leaves | FernClay 8"" Pot / Nursery Pot",130.8,Free delivery,,,,,,,,
philodendron micans,4,Fernclay,,"Philodendron 'Velvet' — Bronze Micans Leaves | FernClay 4"" Pot / Nursery Pot",32,Free delivery,,,,,,,,
philodendron micans,5,Fernclay,,"Philodendron 'Velvet' — Bronze Micans Leaves | FernClay 6"" Pot / Nursery Pot",68,Free delivery,,,,,,,,
philodendron micans,6,Etsy - Seller,,Philodendron Caramel tiger marble variegated real picture,204.56,,5,1,,,,,,
philodendron micans,7,Etsy - Seller,,Philodendron Caramel Marble Variegated - Real Picture - Aroid Plant - Plant Gift,115.89,,3,37,,,,,,
philodendron micans,8,Etsy - PlantVers,PlantVers,Super Rare Variegated Philodendron Caramel Marble EXACT Plant - Stunning Collector's Aroid - Gift Plant - US Seller,247.5,,5,1,,,,,,
philodendron micans,9,Etsy - Seller,,Philodendron Micans rooted Cutting,6.99,,5,72,,,,,,
philodendron micans,10,Etsy,,Philodendron Mican Mint variegado/ Planta viva enraizada/ Planta de interior de colección/ Cultivada en California,69.36,,,,,,,,,
philodendron pink princess,1,heirloomseedsdirect.com,,"Pink Princess Marble Philodendron–Rare Variegated Leaves 6"" Pot - Heirloomseedsdirect",29.88,,4,530,,,,,,
philodendron pink princess,2,Whatnot,,Philodendron Pink Princess Starter Plant - 2.5” Grow Pot,55,,,,,,,,,
philodendron pink princess,3,Etsy - Seller,,"Philodendron Black Cherry Variegated Plant, Healthy Lush Foliage, Live Plant",38.87,,3.3,1500,,,,,,
philodendron pink princess,4,Etsy - Seller,,Philodendron Black Cherry Variegated Beauty Home Decoration Aroid Plant,43.83,,5,1400,,,,,,
philodendron pink princess,5,Etsy - Seller,,Philodendron Pink Congo Beauty Plant Indoor,31,,,,,,,,,
philodendron pink princess,6,Etsy,,Philodendron tricolor princess starter plant *(ALL plants require you to purchase any 2 plants)*,12.25,,,,4100.0,1100.0,4.8,,,4499914067
philodendron pink princess,7,Etsy - Seller,,Perfect Plants Pink Princess Philodendron in 6in. Grower's Pot,87.3,Free delivery,2.2,75,,,,,,
philodendron pink princess,8,Etsy - SkyGardenByPhoenix,SkyGardenByPhoenix,Wekiva Foliage Pink Princess Philodendron Live Plant in Pot,11.89,,2.8,537,,,,,,
philodendron pink princess,9,Etsy - Seller,KayKaysplanties,Philodendron Galaxy pink princess starter plant *(ALL plants require you to purchase any 2 plants)*,13.53,Free delivery,5,385,,,,,True,4485921516
philodendron pink princess,10,Etsy - Seller,,Philodendron orange princes real picture beauty,55.52,,,,,,,,,
pilea peperomioides,1,Etsy,,"Pilea Peperomioides, Planta de Pilea, Planta de Pilea peperomia en maceta de 4"" - Planta del dinero china viva",17.6,Free delivery,4.7,25,,,,,,
pilea peperomioides,2,Etsy,,Pilea Peperomioides,23.95,,4.4,329,,,,,,
pilea peperomioides,3,Etsy,,"Pilea peperomioides, Planta del Dinero China, Planta OVNI, Maceta de 4""",29.99,Free delivery,4.7,34,,,,,,
pilea peperomioides,4,Etsy - Seller,,Potted Pilea Peperomioides 1 Count 6-inch pot,29.32,,5,4,,,,,,
pilea peperomioides,5,Etsy - GraphicGardenPrintCo,GraphicGardenPrintCo,"Pilea Peperomioides Block Print, Monochrome Green Botanical Wall Art, Plant Square Printable, Boho Earth Tone Decor, Abstract Leaf Download",3.57,Free delivery,,,,,,,,
pilea peperomioides,6,Etsy - Seller,,"Pilea peperomioides Chinese money UFO plant 2"" potted plant * *(ALL plants require you to purchase any 2 plants)*",15,Free delivery,4.6,17,54.0,16.0,4.9,1.5,,1869485447
pilea peperomioides,7,Etsy - craftedvan,craftedvan,Pilea Peperomioides (Chinese Money Plant) Magnetic Bookmark (Jumbo),4.77,,4.9,172,,,,,,
pilea peperomioides,8,Etsy - Seller,,Baby Pilea Peperomioides | Chinese Money Plant | Rooted Starter | Easy Care Houseplant | Pet Friendly | Multiple Rooted Specimens Available,11.25,Free delivery,,,,,,,,
pilea peperomioides,9,Etsy,94DesignShop,Pilea Peperomioides Print - Plant Art - Chinese Money Plant - House Plant - Wall Decor - Typography - Poster - Minimal - Illustration,8.31,,,,,,,,,927628514
pilea peperomioides,10,Etsy - Seller,,House Plant 4-PILEA-PEPEROMIODES Chinese Money Pilea Peperomioides Plant in 4 in. Pot,15,,5,5,,,,,,
raven zz plant,1,Etsy - Seller,,Rare Black Raven ZZ Plant Zamioculcas zamiifolia,24.99,Free delivery,4.8,80,,,,,,
raven zz plant,2,Etsy - Seller,,Black Raven ZZ - 1 small rooted plant,7.25,,4.6,257,,,,,,1393749511
raven zz plant,3,Etsy - Seller,,Zamioculcas Zamiifolia Raven,19.64,,4.8,1300,,,,,,
raven zz plant,4,Etsy - LinnaeaBorealisPlant,LinnaeaBorealisPlant,Raven ZZ Plant 6 inch,40,Free delivery,4.8,94,,,,,,1457338757
raven zz plant,5,Etsy - Seller,,Raven ZZ Plants,9.99,,,,0.0,0,,0.0,,4576830212
raven zz plant,6,Etsy,,Raven ZZ Plant - Zamioculcas zamiifolia 'Raven',30,,4.8,1000,,,,,,4491329578
raven zz plant,7,Etsy - Seller,,"Black Raven ZZ Plant medium size, Zamioculcas Zamiifolia RARE",8.99,,4.6,5,,,,,,
raven zz plant,8,Etsy - Seller,,Rare Raven ZZ Plant - 4 Inch Potted Live Plant,18.99,,5,1,,,,,,4469786243
raven zz plant,9,Etsy - Seller,FloridaGrownGardens,"Raven ZZ Plant | Zamiolculcas | Rare | 3"" 4"" pots fully rooted | Autumn Plant Vibes | Black Plant",21,,5,5,,,,,True,1777295476
raven zz plant,10,Etsy - Seller,,Buy ZZ Black Raven Plant,18.95,,4.8,20,,,,,,
rhaphidophora tetrasperma,1,Etsy - hemleva,hemleva,"Rhaphidophora tetrasperma • Monstera ""Ginny",12,,5,14,,,,,,
rhaphidophora tetrasperma,2,Etsy - Seller,,Buy Rhaphidophora Tetrasperma mini monstera,19.99,,4.7,163,,,,,,
rhaphidophora tetrasperma,3,Etsy,,"Rhaphidophora tetrasperma, Philodendron Ginny, Baby Monstera exotic fenestrations Rooted Cuttings 100% proceeds to American Bulldog Rescue",10,,,,,,,,,
rhaphidophora tetrasperma,4,Etsy - Seller,,Rhaphidophora tetrasperma variegated,20,,5,1,9.0,0,,0.58,,4532768807
rhaphidophora tetrasperma,5,Etsy - Seller,plantbinch,Rhaphidophora Tetrasperma Ultra Ginny Philodendron Mini Monstera,5,,4.1,10,1500.0,536.0,4.7,12.0,,1846280622
rhaphidophora tetrasperma,6,Etsy - Seller,,Mini monstera/Rhaphidophora Tetrasperma/Monstera Ginny,5.99,,4.9,75,10200.0,4100.0,4.9,,,1263410755
rhaphidophora tetrasperma,7,Etsy - Seller,,Rhaphidophora Tetrasperma,36.95,,,,,,,,,
rhaphidophora tetrasperma,8,Etsy - Seller,,Rhaphidophora Tetrasperma 'Mini Monstera',28,,,,,,,,,
rhaphidophora tetrasperma,9,Etsy - 4KidsAndMore,4KidsAndMore,"Rhaphidophora Tetrasperma, Mini Monstera rare tropical aroid .",24.99,,4.2,5,,,,,,
rhaphidophora tetrasperma,10,Etsy - Seller,,"Rhaphidophora Tetrasperma White Monster Variegated 4"" - US SELLER",127.99,,5,9,,,,,,
sansevieria moonshine,1,Etsy - NYCitySucculents,NYCitySucculents,Sansevieria Moonshine Live Plant | Moonshine Snake Plants | Mother in Laws Tongue Houseplants | Easy Care Plant Gifts | Silver Snake Plant,18.55,,4.8,13,,,,,,
sansevieria moonshine,2,Etsy - Seller,,Sansevieria Trifasciata Moonshine,14,,4.6,75,,,,,,
sansevieria moonshine,3,Etsy,ReadyLimited,LIVE PLANT Snake Plant Moonshine Sansevieria Rooted Cutting,4.99,,,,1000.0,273.0,4.8,7.0,,4324578379
sansevieria moonshine,4,Etsy - Seller,,Sanseveria-Snake Plant--Moonshine,18,,4.4,5,,,,,,1194447888
sansevieria moonshine,5,Etsy,,Moonshine Snake Plant (Dracaena trifasciata 'Moonshine'),12,,,,,,,,,
sansevieria moonshine,6,Etsy - Seller,,Sansevieria Moonshine Brazilian Crested Unique Snake Plant,28,,4.8,333,,,,,,
sansevieria moonshine,7,Etsy - Seller,,Sansevieria Moonshine Splash rare snake plant new,44.5,,4.8,333,,,,,,
sansevieria moonshine,8,Etsy - Seller,,Sansevieria moonshine Brazilian crested snake plant - indoor & outdoor plant aroid tropical house plant new plant,25,,5,1,,,,,,
sansevieria moonshine,9,Etsy - CynsSucculents,CynsSucculents,"Sansevieria Silver Moonshine Snake Plant - 4"" pot RARE! perfect holiday decoration and gifting",53,,,,,,,,,4409424856
sansevieria moonshine,10,Etsy - Seller,,Sansevieria Moonshine Splash rare - beauty tropical plant new,44.5,,4.8,333,,,,,,
satin pothos,1,Etsy - CaliforniaTropicals,CaliforniaTropicals,Satin Pothos - 6'' from California Tropicals,24.99,,4,105,,,,,,
satin pothos,2,Etsy - Seller,,Satin Pothos Scindapsus ‘Argyraeus’,14.99,Free delivery,4.7,650,,,,,,
satin pothos,3,Etsy - PlantVers,PlantVers,"Pothos Njoy RARO, maceta completa de 4 pulgadas, enredadera de interior abigarrada blanca, planta de interior con poca luz, fácil cuidado, fuente natu",19.47,,5,680,,,,,,
satin pothos,4,Etsy - Seller,,IVORY KNIGHT Pothos hanging basket CULTIVAR Epipremnum Aurea,52.95,,,,,,,,,
satin pothos,5,Etsy - LivingPlantDesigns,LivingPlantDesigns,"Satin or Silver Pothos Cuttings | Scindapsus pictus, Silver Vine | Hanging Basket Trailing | Low Light Tolerant Easy Care DIY Project",4.99,,5,45,,,,,,
satin pothos,6,Home Depot,,Altman Plants 6 in. Satin Pothos Hanging Basket,31.43,Free delivery,5,101,,,,,,
satin pothos,7,Etsy - Seller,HempatoriumCreations,"Mystery House Plant Node Cutting Box, Mystery Cuttings, Mystery Plants, Node Cuttings, Bulk Plant Cuttings, Plant Gift Box, Bundle cuttings",3.99,,4.9,84,,,,,,1528719101
satin pothos,8,Etsy - Seller,,"Golden Potho, Epipremnum Aureum, Pothos, Houseplant, Live Plant",3,,,,,,,,,
satin pothos,9,Etsy,,Pothos 'Satin Pot Pot,29.49,Free delivery,5,239,,,,,,
satin pothos,10,Etsy - SucculentsbyDoris,SucculentsbyDoris,"8"" Golden Pothos Hanging Basket",35,,5,29,,,,,,
syngonium chiapense,1,Etsy - Seller,,Syngonium Chiapense,8,,4.7,63,,,,,,
syngonium chiapense,2,Etsy - Seller,,Syngonium chiapense,17.95,,4.8,33,,,,,,
syngonium chiapense,3,Etsy,,Syngonium chiapense variegated,45,,,,,,,,,
syngonium chiapense,4,Etsy - Seller,,US seller rooted Syngonium Chiapense variegated halfmoon variegation clearance ship from PA,11.99,,5,2,,,,,,
syngonium chiapense,5,Etsy - Seller,,Syngonium Chiapense Albo Variegated,15,,,,,,,,,
syngonium chiapense,6,Etsy - Seller,,Syngonium podophyllum 'Chiapense',7,,,,,,,,,4574698920
syngonium chiapense,7,Etsy - Seller,,Syngonium Chiapense Variegated plant Organic Houseplant Tropical Aroid Variegated plant Tropical Big Leaves Variegated Aroids,15,,,,,,,,,
syngonium chiapense,8,Etsy - Seller,,Syngonium Chiapense Ice Frost Live Indoor Plant - Easy Care Tropical Foliage Plant - Beginner Friendly Low Light Houseplant,13.5,,4.7,27,86800.0,31000.0,4.9,6.0,,1520634062
syngonium chiapense,9,Etsy - Seller,,Syngonium Chiapense Albo Variegated Organic Houseplant Tropical Aroid Variegated plant Tropical Big Leaves Variegated Grower's Choice,25,,,,,,,,,
syngonium chiapense,10,Etsy - Seller,,Syngonium Chiapense Variegated,48,,,,,,,,,
syngonium mojito,1,Etsy - Seller,,Syngonium strawberry ice starter plant ALL plants require you to purchase ANY 2 plants,23.19,Free delivery,3.9,168,,,,,,4530625953
syngonium mojito,2,Etsy - Seller,,"Ice Frost Syngonium Plant - Rare Variegated Arrow Head Leaf | Live Tropical Houseplant | Indoor Home Decor | Easy Care Rooted in 4"" Pot",19.94,Free delivery,3.8,1,70300.0,28700.0,4.8,,,4348537646
syngonium mojito,3,Etsy - Seller,,Syngonium Strawberry Ice Variegated Rare - beauty tropical plant new,40,,4.2,1,,,,,,4533803937
syngonium mojito,4,Etsy,,"Syngonium Tri-color variegated rare houseplant decor Exact Plant 3""",85,,5,1,,,,,,
syngonium mojito,5,Etsy - Seller,,"Syngonium Pink Rolli, Exact Plant, Rare Pink Syngonium Live Houseplant, Variegated Aroid Indoor Plant, Tropical Plant Gift, US Seller",25.88,,3.9,92,,,,,,
syngonium mojito,6,Etsy,,"Mojito de Syngonium, Mojito jaspeado de colores impresionantes, Mojito holandés",7.99,,5,258,,,,,,
syngonium mojito,7,Tropical Houseplant,,Syngonium Mojito Mottled,8,,3.4,82,,,,,,
syngonium mojito,8,Tropical Houseplant,,Syngonium Mojito Mottled 1 plant,8,,3,37,,,,,,
syngonium mojito,9,Etsy,,PUR PLANT Syngonium Mojito l,22.5,,5,1,,,,,,
syngonium mojito,10,Tropical Houseplant,,Syngonium Mojito Mottled 100 plants,400,,,,,,,,,
syngonium pink splash,1,Fernclay,,"Syngonium 'Pink Splash' — Pink Speckled | FernClay 6"" Pot",72,Free delivery,,,,,,,,
syngonium pink splash,2,Ryan's Plant Shop,,Syngonium podophyllum 'Pink Splash' | Ryan's Plant Shop,15,,4,45,,,,,,
syngonium pink splash,3,Etsy - Seller,,Syngonium Strawberry Ice Variegated Rare - beauty tropical plant new,40,,4.2,1,,,,,,4533803937
syngonium pink splash,4,lily & onyx,,"Syngonium 'Pink Splash' Houseplant 6"" Pot",39.99,,,,,,,,,
syngonium pink splash,5,Bumble Plants,,"Syngonium Podophyllum Pink Splash 4"" Pot",31.95,Free delivery by Fri,5,26,,,,,,
syngonium pink splash,6,Etsy - Seller,,Syngonium Neon Robusta Plant - Pink Arrow Head Shape Leaf | Live Tropical House | Indoor Home & Office Decor in Pot or Hanging Basket,19.94,Free delivery,,,,,,,,
syngonium pink splash,7,Tropical Houseplant,,Syngonium Pink Salmon,10,,,,,,,,,
syngonium pink splash,8,Etsy - Seller,,Syngonium Pink | Syngonium Podophyllum 'Neon Pink' | 6-inch pot | Live Unique Houseplant,34.99,Free delivery,3.4,1,,,,,,
syngonium pink splash,9,Etsy - LivingPlantDesigns,LivingPlantDesigns,Syngonium 'Pink Splash,19.99,,5,118,,,,,,
syngonium pink splash,10,Mercari,,Houseplant Possible Syngonium Pink Splash Established Plant - New Garden & Outdoor,10,,,,,,,,,
texas ebony plant,1,Etsy - CaliforniaTropicals,CaliforniaTropicals,Rare Texas Ebony - 4'' from California Tropicals,20.99,Free delivery,4.9,20,165200.0,54100.0,4.8,,,1188100750
texas ebony plant,2,Etsy - Seller,,Texas Ebony seedling - pre Bonsai,16.75,,5,1,145.0,35.0,4.9,0.75,,4434226129
texas ebony plant,3,Etsy - Seller,,Texas Ebony seeds,10,,4.9,32,153.0,40.0,4.8,4.0,,1204522213
texas ebony plant,4,Etsy - Seller,AldyGarden,Texas Ebony Seeds | Pithecellobium flexicaule | Drought Tolerant Evergreen Tree Seeds,14.87,,,,,,,,,4434851113
texas ebony plant,5,Etsy - Seller,,"Texas Ebony Tree Seeds 10 (Pithecellobium Flexicaule) | Texas Ebony Plant, Drought Tolerant Desert Tree",10.39,,,,,,,,,
texas ebony plant,6,Etsy - Seller,,"Shohin Texas Ebony Bonsai, Naturalistic Desert Tree, Custom Glazed Pot",153.45,,,,,,,,,
texas ebony plant,7,Etsy - Seller,FaithFolkStudio,10 Texas Ebony Seeds - Pithecellobium flexicaule - Drought Tolerant Tree - Native Ornamental - Bonsai Potential,7.26,,,,,66.0,4.5,,,4443170228
texas ebony plant,8,Etsy,,"Ebenopsis ebano, Texas Ebony, Live rooted plant",45,,,,,,,,,
texas ebony plant,9,Etsy - Seller,,Ebony mini,6.99,,5,2,,,,,,
texas ebony plant,10,Etsy - Seller,FaithFolkStudio,10 Texas Ebony Seeds Pithecellobium flexicaule Drought Tolerant Evergreen Ornamental Tree Seeds,20,Free delivery,,,,66.0,4.5,,,4443170228
watermelon peperomia,1,Etsy - NYCitySucculents,NYCitySucculents,Peperomia Watermelon | Peperomia Plant | Live Peperomia Watermelon Plant | Peperomia Obtusifolia Watermelon | Rare Peperomia Plants | Plants,28.55,,4.4,44,,,,,,
watermelon peperomia,2,Etsy - Seller,,Watermelon Peperomia Argyreia,29.95,Free delivery,4.4,1300,,,,,,
watermelon peperomia,3,Etsy - Seller,,Peperomia Watermelon Starter Plant (ALL Starter PLANTS require you to purchase 2 plants!),22,Free delivery,4.1,478,,,,,,
watermelon peperomia,4,Etsy - Seller,,House Plant 4-Peperomia-Watermelon Peperomia Watermelon Plant,13.99,,4.5,888,,,,,,
watermelon peperomia,5,Etsy - Seller,,Buy Peperomia Watermelon Plant,16.99,Free delivery,4.5,571,,,,,,
watermelon peperomia,6,Etsy - FloridaPlantsGardens,FloridaPlantsGardens,Succulents Box Peperomia Watermelon Medium To Bright Light Air-purifying Houseplant,14.92,,4.7,321,,,,,,
watermelon peperomia,7,Etsy,,Peperomia Watermelon 6,12.25,,4.3,843,,,,,,
watermelon peperomia,8,Etsy - Seller,,"Peperomia Watermelon 2"" pot (ALL STARTER PLANTS require you to purchase 2 plants!)",22,Free delivery,3.9,28,,,,,,
watermelon peperomia,9,Etsy - Seller,,Peperomia argyreia 'Watermelon',15,,4.5,63,4900.0,1000.0,4.8,4.0,,4489681760
watermelon peperomia,10,Etsy - Seller,,Peperomia Watermelon Starter Plant ALL Starter plants require you to purchase any 2 plants,11.3,Free delivery,4.6,555,,,,,,
