listing_id,sales,reviews,rating,age_text,owner,location
4514511083,1.0,0,,New on Etsy,Angel,"Riverside, California"
4513292468,1.0,0,,New on Etsy,Angel,"Riverside, California"
4513836738,2.0,0,,New on Etsy,Angel,"Riverside, California"
4513281172,3.0,0,,1 month on Etsy,Angel,"Riverside, California"
4526514028,3.0,1.0,5.0,1 month on Etsy,Angel,"Riverside, California"
4526359466,6.0,1.0,5.0,1 month on Etsy,Angel,"Riverside, California"
4526367313,6.0,1.0,5.0,1 month on Etsy,Angel,"Riverside, California"
4526514343,6.0,1.0,5.0,1 month on Etsy,Angel,"Riverside, California"
4526582277,6.0,1.0,5.0,1 month on Etsy,Angel,"Riverside, California"
4526358599,8.0,1.0,5.0,1 month on Etsy,Angel,"Riverside, California"
4526378226,8.0,1.0,5.0,1 month on Etsy,Angel,"Riverside, California"
4514497649,8.0,1.0,5.0,1 month on Etsy,Angel,"Riverside, California"
4513826476,8.0,2.0,5.0,1 month on Etsy,Angel,"Riverside, California"
4526354083,8.0,2.0,5.0,1 month on Etsy,Angel,"Riverside, California"
4526358124,8.0,2.0,5.0,1 month on Etsy,Angel,"Riverside, California"
4526361168,8.0,2.0,5.0,1 month on Etsy,Angel,"Riverside, California"
4526371121,9.0,2.0,5.0,1 month on Etsy,Angel,"Riverside, California"
4526383000,9.0,3.0,5.0,2 months on Etsy,Angel,"Riverside, California"
4514473668,11.0,3.0,5.0,2 months on Etsy,Angel,"Riverside, California"
4526584832,11.0,3.0,5.0,2 months on Etsy,Angel,"Riverside, California"
4526520636,13.0,3.0,5.0,2 months on Etsy,Angel,"Riverside, California"
4514511929,32.0,5.0,5.0,2 months on Etsy,Angel,"Riverside, California"
4526450542,46.0,13.0,5.0,3 months on Etsy,Angel,"Riverside, California"
4513271075,82.0,29.0,4.9,4 months on Etsy,Angel,"Riverside, California"
4514500931,89.0,32.0,4.9,4 months on Etsy,Angel,"Riverside, California"
4514475992,89.0,35.0,4.9,4 months on Etsy,Angel,"Riverside, California"
