rank_by_plant_count,shop,plants_of_25,listing_ids_seen,google_shopping_rows,best_google_shopping_pos,shopping_median_price,shopping_free_delivery_rows,sales,reviews,rating,years_on_etsy,age_text,location,star_seller_badge_seen_in_snippets,example_plants
1,PlantVers,16,55,23,3,35.0,4,136300,41800,4.7,6.0,6 years on Etsy,"Lake Orion, Michigan",yes,calathea rattlesnake;calathea setosa;cebu blue pothos;hoya australis lisa;hoya carnosa compacta;monstera peru
2,CaliforniaTropicals,14,10,9,1,20.99,6,165900,54300,4.8,7.0,7 years on Etsy,United States,not seen,calathea setosa;cebu blue pothos;hoya australis lisa;hoya cummingiana;hoya kerrii;hoya sunrise
3,TheGreenEscape,10,31,4,1,14.4,4,875000,266100,4.7,6.0,6 years on Etsy,"Florida, United States",not seen,calathea rattlesnake;calathea setosa;hoya australis lisa;hoya sunrise;monstera peru;monstera siltepecana
4,RareFoliagePlantCo,9,32,0,,,0,17200,6600,4.9,3.0,3 years on Etsy,"Winter Garden, Florida",yes,hoya sunrise;monstera peru;monstera siltepecana;philodendron micans;philodendron pink princess;rhaphidophora tetrasperma
5,NYCitySucculents,9,14,11,1,28.55,0,69200,19100,4.4,6.0,6 years on Etsy,"New York, United States",not seen,calathea rattlesnake;christmas cactus;hoya australis lisa;monstera siltepecana;peperomia hope;philodendron pink princess
6,LasOrquideasRamos,8,24,0,,,0,3700,1300,4.8,,,"Miami, Florida",yes,calathea setosa;cebu blue pothos;hoya sunrise;monstera peru;philodendron micans;sansevieria moonshine
7,plantproperco,7,19,0,,,0,14200,6000,4.9,5.0,5 years on Etsy,"Homestead, Florida",yes,calathea setosa;hoya australis lisa;hoya sunrise;monstera siltepecana;philodendron micans;sansevieria moonshine
8,CanopyGems,7,17,1,12,46.0,0,10800,3800,4.9,16.0,16 years on Etsy,United States,not seen,monstera peru;monstera siltepecana;philodendron micans;philodendron pink princess;rhaphidophora tetrasperma;syngonium chiapense
9,TropicalAmbiance,7,15,0,,,0,38800,14700,4.8,6.0,6 years on Etsy,United States,not seen,calathea rattlesnake;calathea setosa;hoya australis lisa;monstera peru;philodendron brasil;philodendron micans
10,FreshFromGreenhouse,7,13,7,6,24.0,7,51700,16800,4.8,5.0,5 years on Etsy,"Umatilla, Florida",not seen,calathea rattlesnake;christmas cactus;hoya cummingiana;hoya sunrise;peperomia hope;sansevieria moonshine
11,AnnasPlantlings,7,8,0,,,0,70,10,5.0,3.0,3 years on Etsy,United States,not seen,calathea rattlesnake;hoya australis lisa;peperomia hope;philodendron brasil;raven zz plant;syngonium mojito
12,IshysPlants,7,7,0,,,0,1200,347,4.4,1.0,1 year on Etsy,"Brooklyn, New York",not seen,cebu blue pothos;hoya carnosa compacta;monstera peru;monstera siltepecana;philodendron micans;raven zz plant
